progress,content,ctime,midHash,weight,idStr
4.578,有长江吗,1589258598,bffa5230,0,32566895444492295
6.907,来了laile,1607658634,d913788b,0,42213813367341061
8.22,我来学英语的,1581315814,38a35f15,0,28402589340532738
8.306,我还以为是爱死机,1576556113,92507bf,0,25907134940053504
8.58,这个最好看,1586861764,d15e969c,0,31310263913807875
12.18,舍不得看了，看一集少一集,1591330648,d7d56b28,0,33653246356094983
15.467,淡水鱼应该是最惨的吧...,1590542635,b2deda02,0,33240100651925511
21.037,开始了,1592922665,5d895861,0,34487922064883719
21.156,就3人了吗,1585057479,ad03a3d0,0,30364299092295683
23.123,来了,1585197722,af865805,0,30437827005644805
26.579,我来发个弹幕,1586861795,d15e969c,0,31310280332410885
31.319,来了来了,1587208868,dbff787f,0,31492246361604099
31.912,前面爱死机的别走,1581759954,a32b8729,0,28635446483353600
32.509,8个人,1586047878,888d94fd,0,30883553399537671
32.718,~~~,1587490753,c74e609d,0,31640035375710211
33.577,纪录片,1595520389,66ac08d4,0,35849877494169605
41.881,4.1 21.08,1585746510,c760d51a,0,30725550107525127
44.202,4个人,1612092288,3b31f629,0,44538325267120133
46.458,标准开头,1584287836,2428c826,0,29960784578609157
49.42,必须要说一下，今天四级考试淡水，如果看了这个，是不是就。。。。,1607772977,8cc16606,0,42273761982414851
51.65,我太爱看纪录片了,1586047897,888d94fd,0,30883563622105091
53.072,哦,1585197754,af865805,0,30437843758743557
56.034,人呢？,1580561885,ad256dc0,0,28007313286103040
56.175,祖传片头,1587207631,8d0b89d1,0,31491597973585927
58.696,我也爱我也爱！,1616067816,54870c4c,0,46622646982934531
61.477,看个纪录片能不哔哔吗？？？,1591152098,d4b4e44a,0,33559634523979781
62.655,人类清除计划什么时候开始,1613439926,d7b72ddd,0,45244875520606215
65.062,这个系列我愿意称为之最,1587344785,ce537e9,0,31563506489753603
77.796,继续,1614706831,2a57e1ce,0,45909098605051911
85.342,0.0.,1607599465,d913788b,0,42182791909081095
85.342,来了来了,1607599475,d913788b,0,42182797168214021
91.581,老太太,1585197794,af865805,0,30437864582414341
95.018,来了 老弟,1612001009,315cf258,0,44490468585111559
100.874,美啊,1579269051,1ed05d18,0,27329495697981440
101.249,开场就王炸～,1585216189,1490178,0,30447508928856071
102.725,美,1582550740,a93228e9,0,29050045853073413
105.571,啦啦啦,1615439944,1eb8b5ab,0,46293461121892359
108.357,美,1579051045,36b9be5c,0,27215197971677188
108.672,天呐，美啊！,1577096755,a9c2ef4e,0,26190587159904258
109.944,wow~,1584104890,444c78e5,0,29864868020486147
111.569,拍得太好了,1613034387,a68f3de,0,45032256181370883
111.809,太美了吧这个镜头,1587404716,ed7fbfd1,0,31594927332261891
111.826,Hi!,1586006071,1e4f924d,0,30861634678292483
112.731,4人,1579052616,36b9be5c,0,27216021419458560
113.134,天啊太美了,1595052723,78d56eab,0,35604685648822279
113.595,生物上有100字是那里,1614434019,a092dec8,0,45766066493718531
114.102,壁纸,1581849797,300f059a,0,28682550058680320
115.868,瞬膜瞩目！,1583199559,f50431bb,0,29390214299385863
116.559,2020.3.10,1583835985,f6bda7e9,0,29723884896911367
117.44,少侠好嘴力,1583316064,7d46b40d,0,29451296360628227
117.694,美丽的鸟儿,1575035841,f2d2a417,0,25110074741489664
121.611,真美！,1580728018,1e60256d,0,28094414651916290
121.951,翠鸟,1587987527,8687c6c8,0,31900487933493255
122.322,羽毛防水?,1585827266,99a56897,0,30767889430609927
123.34,太美了！,1593495855,47fab8bc,0,34788438295183363
123.547,Sir 大卫爱登堡！,1606309514,57b61146,0,41506485853224963
126.526,这帧数我佛了,1574766428,d52d4582,0,24968824525684736
135.035,我的老天鹅这怎么拍到的？太牛逼了吧,1578298957,dc5c2459,0,26820887345364996
135.952,美到哭了,1585197851,af865805,0,30437894271795269
136.496,F2200000也没这性能好啊,1589019070,a02096eb,0,32441313713455109
136.634,喔,1581418862,5d5641a2,0,28456615876755460
141.374,hhhh老天鹅,1582368102,262e233f,0,28954291158908930
142.215,fresh water,1607659529,d913788b,0,42214282706288647
147.14,开局高能的一般都很好看,1583198834,bd9c9e3e,0,29389834099359747
147.262,福累系 窝特,1593548384,5621a4c,0,34815978927292421
148.231,摄影牛逼,1584896563,35b87fc2,0,30279932732506117
155.233,开始了,1585197872,af865805,0,30437905627873283
155.886,终于可以发弹幕,1573822748,2f65f61b,0,24474064640802820
156.156,第1112条弹幕，1111弹幕被我终结,1594957334,8da1f41e,0,35554674317721605
157.539,谁知道生物上一百字在那里,1614434089,a092dec8,0,45766103357456389
159.29,刚刚做完题，可以发弹幕了 哈哈,1582436106,935bcb35,0,28989944893014016
160.828,你的老天鹅,1582518025,679abca2,0,29032894135009282
165.038,三体流放地,1607564952,b80d64e,0,42164697450938375
165.209,颜色,1583495379,6c141217,0,29545308925460487
165.893,1,1574914300,cb328930,0,25046352240574468
167.184,hi,1598835218,77a3ce17,0,37587802371129349
167.487,来了,1582595596,ecf08167,0,29073563451392003
168.503,1,1610435664,1e79523b,0,43669776930701319
168.554,太美了,1581940557,4ae1ab3d,0,28730134318022656
168.724,我也说句话,1591324755,94951794,0,33650156961267719
170.733,n,1584884581,6299e17f,0,30273650978455555
171.962,内陆太攀蛇~,1605188688,206a1461,0,40918850703720453
172.425,地理不考的大湖,1586623432,2e792229,0,31185309397417991
173.111,阿,1582547853,ad264286,0,29048532525645893
174.121,裂痕,1584091620,debbc2fc,0,29857910694608901
174.283,2,1581067571,a1d7fcee,0,28272438231433220
175.975,看不见我,1614085130,d80d1168,0,45583148207046663
176.884,n,1585197897,af865805,0,30437918746083333
178.177,厄尔尼诺现象?,1584882575,5e947441,0,30272598944251909
181.181,QAQ画质感人,1582968896,91228193,0,29269279979864071
185.096,trigger  n.	(枪的) 扳机; (尤指引发不良反应或发展的) 起因，诱因; 触发器; 引爆器; v.	发动; 引起; 触发; 开动; 起动;,1587017606,e344bda1,0,31391970329362437
185.935,我也可以发弹幕了,1584884597,6299e17f,0,30273658977517575
191.202,fresh water,1586063523,b3df1e7e,0,30891756013748231
194.25,蝴蝶效应,1607181162,9707f89d,0,41963480932679687
199.15,monsoon  n.	(南亚地区的) 雨季，雨季的降雨; 季风,1587017739,e344bda1,0,31392039954808839
200.588,我爱你，前面发弹幕的所有的小姐姐,1583655700,37b5653d,0,29629363014598661
201.897,降雨,1581180268,5d55243,0,28331524150525952
201.926,小学生？弹幕礼仪懂不懂,1588739672,b6831e75,0,32294828596264967
204.648,蝴蝶效应,1584896591,35b87fc2,0,30279947510611971
205.63,龙王,1582346744,1f4f78fb,0,28943093727232004
208.819,水汽输送,1583316163,7d46b40d,0,29451348342210565
212.075,海洋与水之王,1614085185,d80d1168,0,45583177011953667
213.371,吓我一跳，我还没准备好,1607181191,9707f89d,0,41963495735951365
214.406,海王,1591966105,14e025e8,0,33986409006628867
214.953,龙王,1582346707,1f4f78fb,0,28943073962622976
216.413,这是？上一集的片段,1584629195,7b298374,0,30139754964582405
217.233,有没有菜徐坤粉丝要B站号的吗,1584884628,6299e17f,0,30273675364663299
218.239,.,1576843294,31cb31b2,0,26057700471734274
218.475,海洋与水之王,1614085204,d80d1168,0,45583187157975045
218.644,吓一跳，手里的苹果差点掉了,1597573236,27b38bbb,0,36926160600825863
220.878,哈哈哈,1598835272,77a3ce17,0,37587830553182211
221.021,好像牛奶巧克力,1587108922,e3bd40b3,0,31439846088114183
222.752,吓死我了,1585197949,af865805,0,30437946077741063
225.58,前面的蔡徐坤黑粉能不能走远点，有病,1591692012,251fd75e,0,33842704946298883
242.161,漂亮,1582209020,e6aa14c3,0,28870886422478848
246.845,及时雨,1581575196,58f9aa86,0,28538579749699650
248.24,龙王,1585726965,c8a316d6,0,30715302447153155
251.184,今年澳洲大火，怕是不会了。。。,1601656311,296f492b,0,39066867524960261
253.689,宋江,1584768145,a38841e0,0,30212604935798791
254.579,这哈？,1585197988,af865805,0,30437966630879239
265.915,wow,1586431530,94e0d129,0,31084697502613511
271.785,神奇的自然,1579271295,1ed05d18,0,27330672226467840
289.325,真美,1572776420,4f9c36dd,0,23925487232352258
289.651,刚刚以为湖在云上飘，太美了,1580449383,4cb117a4,0,27948329778806786
293.655,落霞谷孤鹜齐飞,1575887362,2a57e1ce,0,25556516656381956
295.387,天啊每一针都是壁纸,1595052930,78d56eab,0,35604794216284167
295.447,。。。。秋水共长天一色,1573400004,c2a5a2b0,0,24252425009889280
297.941,一传十，十传百,1577096960,a9c2ef4e,0,26190694410878978
299.573,全澳的鸡鸭鹅狗猫都知道了,1583527014,6559ddf6,0,29561894625869831
302.581,天空之境,1581584064,2c9c2430,0,28543229158752260
303.456,哈哈哈哈哈哈哈,1581180362,5d55243,0,28331573483405316
303.76,呱呱呱,1583146949,bd279608,0,29362631286456327
304.155,落霞与孤鹜齐飞,1574001419,2d57c626,0,24567739486568450
304.382,一生只能见证一次……,1581402744,13a53b82,0,28448165632409600
306.012,天空之镜既视感,1594121915,80d77a25,0,35116674415329287
317.676,一传十十传百太搞笑了,1582122686,2859ce36,0,28825622479372288
320.748,这个下饭,1586925186,16d1c2a3,0,31343515295285253
321.695,别总是这一句，好俗啊,1613109697,b58c7837,0,45071740519841795
326.012,咋了啊？,1585198067,af865805,0,30438007962075139
326.375,这嘴也太大了吧,1588244249,b1fe59ed,0,32035084245139463
326.417,大嘴鹈鹕,1584288093,2428c826,0,29960919130832901
327.607,鹈鹕灌顶,1589804924,f95216b5,0,32853327439986691
329.463,这不是长了张嘴 是长了个水瓢吧,1580921199,8c0ea0ff,0,28195697211211776
332.635,难道只有我想起了小鲤鱼历险记？,1576054687,1d651e82,0,25644243123961856
333.645,有另一个小可爱在看,1605195764,cf191f63,0,40922560492732423
335.289,hhhhhhhhhhh吃吃吃,1586431610,94e0d129,0,31084739669524485
336.81,好可爱的解说,1575452354,24719f38,0,25328447468339200
338.721,对对对，小鲤鱼历险记,1588853045,ac9c283e,0,32354268831285253
341.02,大嘴鹈鹕,1607181333,9707f89d,0,41963570133991429
348.411,哇偶这个嘴巴,1579762297,c8a3b9fe,0,27588098629042178
348.974,要把麻麻的嘴扎漏的劲头,1586182234,661af3a7,0,30953994785914885
350.76,每次看到这个鹈鹕我都会想到小鲤鱼历险记,1586268503,a2f2c88,0,30999224606261255
354.288,下巴会掉吗,1575452408,24719f38,0,25328475947139072
354.305,好怕戳穿个洞,1583495615,6c141217,0,29545432721915907
354.33,这个眼睛好像贴上去的一样,1597573400,27b38bbb,0,36926246404751367
354.996,有点丑,1574434041,bd72df6f,0,24794558340530176
355.102,吃货,1604750806,ef78f339,0,40689273966952451
359.634,啊哈哈哈哈哈嘴上刺个洞的2333,1586862412,d15e969c,0,31310604079726597
360.255,是的好怕瓢破,1584527039,8350078b,0,30086195997310981
365.398,。。有奇怪的想法,1616821403,f29d224d,0,47017743373828103
371.034,三头凤？,1585919494,624a7515,0,30816243026493443
373.017,希望在这种以保护环境和生物多样化为主题的纪录片里，少看到讨论动物是否好吃的问题,1612267302,997299a1,0,44630082870312967
377.174,肉鸡四十天，快不快？,1593944875,ac92a016,0,35023854237646851
378.191,天啊 我要飞2天,1582800602,82af79ad,0,29181045757181955
381.76,路途遥远啊,1593167267,e4d10b1a,0,34616163800449027
386.96,还有一只未孵化的,1607181401,9707f89d,0,41963605887811587
387.103,傻，什么叫长得快？那是嫩，嫩的好不好吃？,1582105159,57485de6,0,28816433421484032
390.521,oh no,1582877712,9ded3c09,0,29221473708670983
392.874,十年？！,1572751536,d0a5ad5f,0,23912440735465472
394.336,加油啊小家伙们,1607429513,177a80b,0,42093687907811333
396.987,沙漠降雨，十年一遇，之前解说过,1581180463,5d55243,0,28331626194272258
398.206,十年！？,1586862462,d15e969c,0,31310630082838531
398.602,为什么会是十年这个数字,1577186499,f43c4277,0,26237638743687168
402.897,是的，decade，十年,1574008619,d8e3a34d,0,24571514617593860
404.741,那这么多鱼哪来的……,1594726833,f930c36,0,35433825474969605
405.8,十年之后～我们是朋友,1593167324,e4d10b1a,0,34616193840578567
420.051,还有刚破壳的小鸟就这样被抛弃了? 太可怜了,1597460729,f4c6e3b1,0,36867174493061123
422.616,十年一遇。。。,1581584184,2c9c2430,0,28543292093759492
429.033,那其余年份幼鸟在哪出生,1587630590,2e2dcad2,0,31713350582796293
431.13,弗雷尔卓德？,1569940363,afce80c5,0,22438576681648128
438.885,哈哈哈哈哈哈联盟站住,1576470259,60693a44,0,25862122892165124
439.066,联盟？？,1582887750,e566cd33,0,29226736348037123
442.327,永东土,1587530931,4e5df217,0,31661100509429765
445.061,六极地,1570723664,c73017b6,0,22849251937091586
445.909,上帝设定下雨的周期T=10年,1591122996,3ad11963,0,33544376898027523
452.786,2,1586683871,d31e6294,0,31216997116149767
453.11,这是冰,1588739896,b6831e75,0,32294946222374917
453.387,恒大冰泉,1574052579,f9a842eb,0,24594562202730500
453.707,咦好冷呀,1582085806,b676121b,0,28806286586937348
454.917,好美啊,1612029685,fb82811e,0,44505503296913415
456.215,无畏先锋？？？,1582887767,e566cd33,0,29226745341149187
456.792,永冻土,1587530946,4e5df217,0,31661108101120007
460.309,好美,1580910169,4a7a666f,0,28189914127925250
463.492,冰岛蓝洞,1611384985,8bde355c,0,44167494515556357
465.056,哇哦，这是怎么拍到的，,1581759324,5779a686,0,28635116134203396
465.513,颜色真漂亮,1598363654,614c2081,0,37340567203479555
465.653,好漂亮啊,1613905394,2e2bb685,0,45488914566217735
471.163,哇哦,1580967140,ff309ad2,0,28219783588610052
474.021,哇,1582337926,8c037658,0,28938470261522432
474.18,冰岛蓝洞,1611384960,8bde355c,0,44167481574555655
475.207,冰洞,1582877821,9ded3c09,0,29221530711883781
475.397,这是什么仙境啊,1577513468,88054db0,0,26409064926806020
476.716,贝爷下去过！,1592481166,ae78fc7f,0,34256449027702791
477.243,小小的追球来过,1580207985,c502f84,0,27821767702609920
485.043,太美了,1577513478,88054db0,0,26409070042284032
488.21,6666666,1584288265,2428c826,0,29961009361321989
488.883,冰封王座的 配乐,1580829983,badf2719,0,28147873783218178
489.962,最后这个感觉是无人机拍的,1584527382,8350078b,0,30086375762558979
512.58,wonderland,1596790572,698a474,0,36515819250253829
512.742,有没有在的现在,1614434539,a092dec8,0,45766338997125125
513.113,真漂亮,1589830012,aaf042de,0,32866480749019139
513.544,BEAUTFUL,1581575462,58f9aa86,0,28538719688458240
514.856,体育老师教的英语,1582422843,716943c2,0,28982990979727360
517.203,体育老师：我只教化学物理谢谢,1584251160,8fb83697,0,29941556046725125
523.749,体育老师还教语文,1613563955,9978b49d,0,45309902233010179
525.581,我的化学还真是体育老师教的啊,1585545996,903e5ee1,0,30620422688997379
531.479,体育老师：怎么哪都有我？？,1589805190,f95216b5,0,32853466807271427
537.394,我的英语是化学老师教的,1591362833,32bcbf3,0,33670120642445315
541.482,体育老师表示英语很难教,1593523953,32ce7afb,0,34803169695367175
544.642,激流鸭。。。。这给人一种神奇宝贝的感觉,1587019556,e344bda1,0,31392992420429829
544.98,有水的地方 就有生命,1614041184,3f3400df,0,45560107670962181
547.63,这是鸭子！？！？,1586862633,d15e969c,0,31310719529517125
547.71,湍字用得极妙,1580575783,a9c2ef4e,0,28014599729053696
554.897,对,1583044669,abf2d36f,0,29309006833516549
558.681,喵啊,1584527461,8350078b,0,30086417307664389
559.184,生动形象地写出了湍鸭生活环境的水流之急？？,1586432172,94e0d129,0,31085034136403971
559.407,凉快啊,1581575511,58f9aa86,0,28538744950226946
559.622,我英语就是体育老师教的,1614434615,a092dec8,0,45766379282366471
560.689,神器宝贝的别走,1590246131,56e6ea54,0,33084647185842183
560.876,好漂亮的肥鸭,1579271795,1ed05d18,0,27330934655156226
564.639,美~~,1585198334,af865805,0,30438147662282759
567.031,大型底栖无脊椎动物襀翅目,1606018565,6e39dd32,0,41353944931237895
568.0,油光水滑的,1580910859,4a7a666f,0,28190276071718914
572.798,想吃,1582454176,50442461,0,28999418572177408
577.377,蝼蛄,1583577658,a0d3f2e8,0,29588446839832581
577.851,那个想吃的，你想吃虫子啊,1586862688,d15e969c,0,31310748321841157
578.628,别老想着吃啊...吃养的鸭子不香吗,1585540828,7ae24c09,0,30617713031249923
584.107,防水泳衣,1584527493,8350078b,0,30086433781841927
595.79,想吃加1,1604751046,ef78f339,0,40689400142102535
597.972,我在吃饭,1586925484,16d1c2a3,0,31343671614898181
600.49,蚋科,1606018713,6e39dd32,0,41354022609747975
609.706,啊我在吃午饭，好下饭,1583296728,f3c577b1,0,29441158278021123
611.646,滤食者？,1606018751,6e39dd32,0,41354042761281541
612.061,有点恶心,1607181663,9707f89d,0,41963743391776771
612.791,我也是养成了吃饭看纪录片的习惯,1591844315,c8c7dfc2,0,33922555875164167
614.003,前面吃午饭的 我在吃早饭,1584232122,c3ee7a11,0,29931574416375811
615.722,生活不易，鸭鸭叹气,1577097296,a9c2ef4e,0,26190870683844608
617.3,前面吃早饭的，我在吃午饭,1586925520,16d1c2a3,0,31343690503421959
617.58,同为吃饭,1592797168,9566b11f,0,34422125087424517
618.837,太南了哈哈哈,1572751795,d0a5ad5f,0,23912576905117698
618.963,都不容易啊，叹气,1580575863,a9c2ef4e,0,28014641789534208
620.45,蛋白质,1583903103,2d954bce,0,29759073693990915
620.469,我刚吃完晚饭,1584527537,8350078b,0,30086456697946115
626.1,吃饭日常纪录片哈哈哈握个爪,1598959961,a02f48c2,0,37653203808944131
630.345,我正在吃饭，看起来特别香。,1588854831,cbba06d1,0,32355205400494085
632.233,太顽强了！,1580399486,5541f56f,0,27922169097879552
632.645,像极了我碗里的豇豆,1583987631,85b462be,0,29803390524456963
632.754,不要，不要，我不想走,1585919799,624a7515,0,30816403039191047
634.623,命悬一线,1582086065,b676121b,0,28806422391160836
638.144,那个教科书上写过动物不会用工具的哇,1588342486,665a3c46,0,32086589099737091
638.292,命悬一线笑死我,1615440496,1eb8b5ab,0,46293750575005699
640.959,这是怎么拍的 .。。。,1575888113,2a57e1ce,0,25556910441758720
643.905,纪录片是下饭片,1604751094,ef78f339,0,40689425387618309
645.333,我居然羡慕一只鸭子。这个地方也太好看了吧！！！,1583843479,79bebf20,0,29727813304582147
646.496,修行鸭,1612014664,4388feed,0,44497627586232325
654.327,流口水,1580562662,ad256dc0,0,28007720541487108
658.61,这个总归可以吃拉吧,1589864203,e272d7d2,0,32884406904422403
662.476,这鱼是会飞吗哈哈哈哈,1580721378,39c64dc0,0,28090933738209280
662.653,这只鱼像P上去的一样。,1580183881,73994d23,0,27809130107895812
663.472,熊最爱吃的。。。,1580796285,38c67072,0,28130206226579456
663.975,尾巴一摆一摆的好可爱,1584857097,f3f7a4e7,0,30259241268281347
664.181,鲤鱼跃龙门？,1613905608,2e2bb685,0,45489027164930055
666.046,我去～会飞,1573922280,7dbdc8c9,0,24526248183595010
668.645,这鱼跳的比人跳的还高,1598835822,77a3ce17,0,37588119221960711
668.947,跃龙门,1583044788,abf2d36f,0,29309069211205635
671.598,淡水三文鱼吗,1581158330,95e562b8,0,28320021917728772
672.04,棕熊呢,1597647421,3984f14c,0,36965054577901575
672.251,大马哈鱼,1580951519,280edae3,0,28211593594535940
675.919,长郡中学2019高一地理考试用了这道题,1583233012,bd279608,0,29407753097183239
676.974,大狗熊要来了吧,1593569701,5f39846f,0,34827154941280261
677.305,看过的最美的纪录片 没有之一,1581575630,58f9aa86,0,28538807416520704
677.417,熊：我要上线了,1576039787,b1383263,0,25636431301967874
677.626,鲑鱼洄游呢,1590893509,ce54d964,0,33424059846885379
679.552,肥美,1577097367,a9c2ef4e,0,26190908183019520
681.262,逆流而上的鲑鱼,1578829506,e892b0ee,0,27099047808466948
681.943,马大哈,1581691459,ebbbd215,0,28599535275081728
682.496,嘎嘎,1585198476,af865805,0,30438222077100039
683.518,这鱼看起来很好吃的样子,1574434370,bd72df6f,0,24794730580148224
686.723,逆流而上,1607181742,9707f89d,0,41963784832548871
687.616,卵很好吃,1576556824,92507bf,0,25907507948945410
687.87,我最爱的蛋白质来源,1580399549,5541f56f,0,27922202514948096
691.239,这个水也太清了吧,1589982292,ce09b6a9,0,32946319393292291
692.622,摔疼了吧,1584527620,8350078b,0,30086500441915397
693.621,憨憨鱼,1580175676,cd8fa843,0,27804828334817280
697.77,我要去这里捡鱼,1588327826,8b3b1670,0,32078902762930183
705.687,快到碗里来,1587863475,e004d2bb,0,31835449445580803
706.747,鲤鱼要是有这个弹跳力，应该很容易化龙了吧,1613564139,9978b49d,0,45309998979874821
707.825,熊：哈哈哈哈哈自己送到口，乖乖鱼,1580721454,39c64dc0,0,28090973251174400
707.968,艾玛，直接掉嘴里,1577097415,a9c2ef4e,0,26190932904247298
709.052,白给,1591152761,d4b4e44a,0,33559982248034307
709.782,熟悉的地理题,1595415815,25abc063,0,35795050596139013
710.007,举报送人头,1591844451,c8c7dfc2,0,33922626947121159
710.961,安逸,1573998000,83384224,0,24565947069104130
711.255,送人头,1580175719,cd8fa843,0,27804850982486016
711.521,熊：快到嘴里来,1590246310,56e6ea54,0,33084741016616967
711.934,您的好友熊已经上线,1593578396,4269574,0,34831713857699847
712.834,？？？？？,1579762740,c8a3b9fe,0,27588331208441860
713.49,把自己送出去？,1580183944,73994d23,0,27809163466768450
714.866,白给,1583657208,37b5653d,0,29630154080256003
716.028,下一秒回眸一笑百媚生？,1583999603,8fb83697,0,29809667599237123
716.389,草,1587630878,2e2dcad2,0,31713501528981509
717.609,雅思剑10test1S4,1593524152,32ce7afb,0,34803274435526663
719.802,送鱼头啊,1578274685,8da8ecbf,0,26808161636188160
720.605,这个眼神哈哈哈哈哈,1607181785,9707f89d,0,41963807304581127
721.41,我笑了,1577513714,88054db0,0,26409193949888516
722.888,波兰波兰球,1597840143,940db176,0,37066096495820867
727.541,跳进嘴里,1574434414,bd72df6f,0,24794753659830272
728.473,没熊性,1575625954,83231a11,0,25419463570489344
728.815,跳龙门,1587988875,8687c6c8,0,31901195111497735
731.539,一年吃的最饱的一顿,1577947465,36b11866,0,26636604352233472
733.078,巴适,1575989329,2b42a41a,0,25609976962088964
734.566,修建水库阻碍了洄游,1590893588,ce54d964,0,33424101375213575
734.906,地球脉动里也有,1574610649,f99ed240,0,24887151949250560
738.558,鱼入熊口,1572672047,810872c,0,23870765763395588
739.459,俄罗斯人上前劝架,1584885226,6299e17f,0,30273989246976007
742.87,高中地理题,1604751219,ef78f339,0,40689490923618311
743.445,鲑鱼：你们不要打了,1578022865,874897ab,0,26676135485505536
744.519,去练舞室打,1612014816,4388feed,0,44497707271716869
745.378,别打了 抓鱼啊,1597050272,4d30c712,0,36651976586428423
748.714,不要打了不要打了我自动送上嘴行吗！,1581177422,277f478e,0,28330032003809348
750.122,你们不要打了啦,1593524194,32ce7afb,0,34803296182468613
750.512,鱼：别打了，再打我们都溜了,1590246370,56e6ea54,0,33084772637474821
751.656,熊大来了,1580183990,73994d23,0,27809187528441856
751.944,要打去舞室去打,1578220731,3561d72a,0,26779874077704192
757.504,好瘦啊,1584353308,84a67f20,0,29995110768836611
758.232,你们不要再打了啦！,1604366858,c16cc0a2,0,40487975056310275
758.416,来吧 肚子里暖和,1581575711,58f9aa86,0,28538849868644354
763.225,所以Line里面的Brown喜欢吃鲑鱼,1592846167,d3783d92,0,34447814786285571
763.741,可可爱爱,1578829655,e892b0ee,0,27099125947301888
764.648,所有动物为了一口吃的，为了繁衍都得拼命,1604229270,37a367ff,0,40415839299567623
767.295,鸭猪熊,1584081086,30973f2d,0,29852388075503619
775.337,人间仙境,1581180789,5d55243,0,28331796911882240
787.841,虹河苔，川苔草科的又一个奇葩,1609642382,db89a910,0,43253868609404933
789.419,哇,1604366890,c16cc0a2,0,40487991398891523
790.09,好乖,1580129654,7d13a996,0,27780699760623618
796.851,天呢好美,1592017375,1b0670d1,0,34013289268641797
800.861,Macarenia 马卡莲娜 好名字,1581180872,5d55243,0,28331840481787904
805.384,好美,1586432428,94e0d129,0,31085168450600965
806.932,又好看名字又美,1612014901,4388feed,0,44497751801069571
812.691,太漂亮了,1574153989,7b1878aa,0,24647730258247682
812.722,eyyyyyyyyyy macarena,1582878713,9ded3c09,0,29221998271397893
813.742,woooow,1612755280,6f45d845,0,44885923608395779
814.68,这是我们地理月考试卷上的图诶！！！！！！！,1578721317,ae854f90,0,27042325616132098
814.99,好漂亮,1612030074,fb82811e,0,44505706916741127
818.756,大自然鬼斧神工,1596608546,95f4f1c9,0,36420385208008707
819.114,花海,1579762862,c8a3b9fe,0,27588395022155780
819.897,太神奇了,1595053455,78d56eab,0,35605069559234563
820.933,太美了吧,1584527761,8350078b,0,30086574615035907
821.086,真美,1574434508,bd72df6f,0,24794802706972672
821.734,美  美  美！！！,1575888449,2a57e1ce,0,25557086680121344
825.079,流水侵蚀,1580447289,a677ed07,0,27947231932317696
837.798,溶洞,1589019827,a02096eb,0,32441710510342151
838.178,波兰球,1597840276,940db176,0,37066166241329157
842.748,梦里的场景,1584092828,debbc2fc,0,29858544243703813
846.548,怎么拍摄到的,1583375250,5f89200a,0,29482326521544707
849.453,哇,1580129684,7d13a996,0,27780715367628800
850.06,幽闭恐惧症,1591519144,88ec1631,0,33752072550088709
852.5,呼吸困难了,1573967166,cca59d67,0,24549781380530176
852.972,托福玩家准备好了,1596602675,639d2395,0,36417306997293061
863.375,桃花源记,1589830625,aaf042de,0,32866802154340357
866.516,水下洞穴,1596608618,95f4f1c9,0,36420422551994375
875.045,想起我玩的古墓丽影,1586343258,1ad3ff4b,0,31038417694359559
876.502,生命总会找到出路,1598233456,480afc05,0,37272305894686723
883.6,哇,1585198710,af865805,0,30438344754200581
885.319,想到这游个泳,1588584339,90eb4b50,0,32213389554483203
887.31,人间仙境,1583487554,d8a4afbf,0,29541206502932551
891.365,好可爱的！！！,1580721650,39c64dc0,0,28091075971252228
894.551,美到窒息,1592612162,a38c3b69,0,34325128566800391
895.926,哈库呐 玛塔塔！！,1589858493,c2b2c388,0,32881412941545477
897.271,仙境,1580990274,8e37e5e6,0,28231912572583936
898.26,海獭吃海胆,1576044688,b443d56a,0,25639000945459200
901.22,嘿嘿。水獭君来了！,1584288796,2428c826,0,29961288115290119
904.149,河獭吃河胆,1578872079,8f46bf82,0,27121367939284994
907.123,美到窒息,1592612181,a38c3b69,0,34325138765250567
907.143,冰河世纪里面那个是水獭吗？,1607181989,9707f89d,0,41963914232594435
913.306,我想起了济南哈哈哈,1598008890,db89a910,0,37154568689156103
916.804,蹦极！,1589858517,c2b2c388,0,32881425902469123
917.653,快乐地冒泡泡,1575725825,24719f38,0,25471825209720834
921.988,趵突泉,1580175950,cd8fa843,0,27804972354109440
922.123,这配乐好可爱,1597050443,4d30c712,0,36652066429468675
922.401,泡温泉,1596971335,a60e1ac9,0,36610590851989511
924.522,蹦迪灯光,1580911261,4a7a666f,0,28190487018471428
928.735,哇这个在动,1607182043,9707f89d,0,41963942843514883
928.76,这里因为沙子过滤作用，水特别清,1588145546,c060dde6,0,31983335803715587
930.773,谭中鱼可百许头，皆若空游无可依,1578872171,8f46bf82,0,27121416413904900
937.316,买买提,1575198911,68ddff39,0,25195570169643008
938.346,美人鱼,1583236701,b3b00cb1,0,29409687236509699
939.838,这哈,1585198782,af865805,0,30438382694825987
941.874,冒泡没看过，滚(︶︹︺)哼,1585920124,624a7515,0,30816573725868039
943.278,美人鱼！！！,1597023528,df184489,0,36637955232104453
943.317,切糕要吗,1578872193,8f46bf82,0,27121427882704898
943.425,罗马皇帝,1609642249,db89a910,0,43253799058407431
943.979,功夫海牛,1588045251,44926272,0,31930751929810947
944.212,哈哈哈哈哈哈买买提你别走,1584353508,84a67f20,0,29995215794733061
944.786,儒艮,1610104762,1fad988d,0,43496289038499847
944.893,哈哈哈哈哈哈哈哈哈,1581507104,9a037cf,0,28502880413024258
945.597,儒艮,1583974698,598b4a0e,0,29796609871052803
946.331,买买提哈哈哈哈哈,1589858560,c2b2c388,0,32881448146960389
946.966,哈哈哈,1586443067,19f7efef,0,31090746323894277
946.988,哈哈哈买买提等等,1597647736,3984f14c,0,36965219648929797
947.193,儒艮，有人说美人鱼原型就是它,1578844759,52543c67,0,27107044745019392
950.089,海豹海象海狮海牛,1608044103,3bdce139,0,42415910192414725
950.159,眼睛花了,1578220971,3561d72a,0,26780000111820800
950.948,这不是儒艮，这是美洲海牛，二者不是一个东西,1586007225,950bb23c,0,30862239612272707
950.948,儒艮的尾巴和鲸鱼一样而海牛的尾巴是圆的,1586007249,950bb23c,0,30862252206718981
951.464,买买提的别走！,1590246584,56e6ea54,0,33084884777435139
953.386,儒艮不是在海里的吗……也不是弗罗里达特有吧,1582591509,ab6eef60,0,29071420784902149
956.009,哈哈哈,1611838574,2718fa44,0,44405305610076165
956.724,是的,1572777087,4f9c36dd,0,23925837166280704
958.329,哈哈哈哈哈哈哈哈哈哈哈,1611838591,2718fa44,0,44405314749464579
959.235,美人鱼,1576055322,1d651e82,0,25644576233488386
960.42,差点亲个了个嘴,1588584439,90eb4b50,0,32213442240184327
963.092,扔了吧,1572777094,4f9c36dd,0,23925840480305152
963.702,美人鱼,1577425180,ef868036,0,26362776506597376
963.817,儒艮不是海牛吧？,1607151960,1bcd3d96,0,41948170311172101
968.17,自带彩光,1569942858,d455c525,0,22439884958466048
969.62,这是美人鱼的原型,1587995904,5eb03091,0,31904879915040773
969.727,这个肉质怎么样，感觉能好吃,1590620705,9c0bdf23,0,33281032001159171
969.992,不是亚马逊也有吗,1581260944,9bc421d6,0,28373821605543936
972.738,有人咩,1580902248,13447136,0,28185761305067524
980.133,这是淡水 不是海,1582878881,9ded3c09,0,29222086301974531
981.394,好可怜,1583974735,598b4a0e,0,29796629536047111
990.914,人类能不能干点儿好事儿,1601108121,9a47a109,0,38779458232516611
992.425,这个地方好美,1588584492,90eb4b50,0,32213469829267459
992.757,好漂亮！！,1583974747,598b4a0e,0,29796635993702403
996.901,美国人的锅,1582712661,f640ed7,0,29134939284832263
1003.031,海狮，海豹，海牛，海狗，海象,1583657497,37b5653d,0,29630305151746055
1010.088,我就分得清海牛和海象,1584237053,3e8fd32c,0,29934159861383173
1012.797,还有海猪,1586071444,acf29df3,0,30895908707631111
1016.294,美景,1579070700,36b9be5c,0,27225502797791232
1016.491,human's fault,1583640090,eab2ef01,0,29621179019952133
1020.432,我大鳄鱼还不出场？,1593570036,b36859cb,0,34827330884468739
1022.354,原来蜉蝣长这样子，想到苏东坡的“寄蜉蝣于天地”...,1585888112,ac929bc1,0,30799789966753797
1023.526,爆笑虫子那一集蜉蝣让我哭了,1578844871,52543c67,0,27107103382437892
1026.869,原来蜉蝣长这样,1586863201,d15e969c,0,31311017645441027
1030.916,开始工作了两个字,1585198887,af865805,0,30438437835767815
1039.146,寄蜉蝣于天地，渺沧海之一粟。终于知道蜉蝣是什么了,1586404210,d83eb9db,0,31070373910937607
1046.496,轻功水上飘,1584885533,6299e17f,0,30274150084902917
1049.653,咦。。。。,1575622999,9923fb34,0,25417914328809476
1049.811,哇,1614707737,2a57e1ce,0,45909573741576197
1049.857,寄蜉蝣于天地，渺沧海之一粟。,1574950871,629a27d2,0,25065526073491456
1050.611,哇，好梦幻啊,1612015199,4388feed,0,44497908414283783
1050.687,朝生暮死,1597852866,572fe587,0,37072766841651203
1052.955,寄蜉蝣于天地,1607182191,9707f89d,0,41964020384661511
1054.125,我小时候后管浮游叫飞飞虫,1591871666,ca02da55,0,33936895384748035
1055.239,哇塞,1588048184,ebdd4194,0,31932289790246919
1057.857,原来浮游是这样的,1614054202,ba2b66f4,0,45566932876787717
1058.291,牛,1575889023,2a57e1ce,0,25557387852644352
1059.098,寄蜉蝣于天地,1592612352,a38c3b69,0,34325228565823495
1059.137,金光闪闪,1584353902,84a67f20,0,29995422278221827
1061.132,浮游之羽，衣裳楚楚。,1595922229,22d67416,0,36060557303873543
1063.192,哀吾生之须臾，羡长江之无穷,1582600828,f7ba933f,0,29076306533023751
1063.695,好壮观,1587995998,5eb03091,0,31904929252638723
1063.849,苏轼那个时候都知道蜉蝣诶 知识丰富,1593835928,10be0882,0,34966734652833795
1064.742,太美了,1593426237,469e7bd7,0,34751938517532677
1065.19,震撼,1574434752,bd72df6f,0,24794930700877824
1069.798,天啊,1579763123,c8a3b9fe,0,27588531935772676
1071.316,挟飞仙以遨游，抱明月而常终,1584674246,aa221ae0,0,30163374903918595
1071.596,只能活几个小时啊,1582954378,41d1a59f,0,29261668545462279
1072.989,太可怕了……    滋儿哇滋儿哇滋儿哇,1584357343,b020626e,0,29997226436067331
1073.707,自由天空中被击落,1582338540,8c037658,0,28938791947337732
1075.169,前面的et等一等，我超爱《蜉蝣》这首歌！！！,1584868950,30d074a5,0,30265455475163141
1076.778,以前老家有过，大片飘在水面，有人捞了掐去翅膀炒了吃，味如虾子,1577097855,a9c2ef4e,0,26191163706834948
1077.447,可曾想在古代中国也常见这种景象,1578830217,e892b0ee,0,27099420561506304
1078.324,都说幼虫水下生活3年，张嘴就说活几小时。。,1598938119,2fba6bcd,0,37641752276369413
1081.463,蜉蝣跟萤火虫一样对淡水水质要求很高，有污染的地方无法生存，以前农村好多，现在没有了,1584807391,5f4eb8bb,0,30233181196124165
1081.726,都是人类……,1614707777,2a57e1ce,0,45909594634977285
1083.052,来了,1582553104,c242cb69,0,29051285435580423
1090.755,老家农村近几年很少看见萤火虫了，，，,1596608895,95f4f1c9,0,36420567737303045
1091.988,承上启下,1593013759,f179eb8,0,34535681131806725
1092.949,好运～,1575726119,24719f38,0,25471979050500100
1093.674,这里真的太美了！！！,1576315638,3ccf69c,0,25781056735019008
1094.615,这是开头的画面,1576055468,1d651e82,0,25644652970901506
1095.405,翠鸟真是美丽的生灵。,1578718418,d68f250f,0,27040805738250240
1098.401,翠鸟是不是也叫珍珠鸟,1596971572,a60e1ac9,0,36610715280736263
1099.512,生命之美,1572778499,4f9c36dd,0,23926577145315332
1099.765,棒！,1574758979,50471e6a,0,24964919431528452
1100.113,愣着干嘛截图啊,1574173561,e28fa618,0,24657991585234948
1102.418,这转身帅出地球了,1589020091,a02096eb,0,32441849239568387
1102.526,翠鸟真美啊,1582105969,57485de6,0,28816857898680384
1108.688,音乐真大气,1572778508,4f9c36dd,0,23926581955657732
1111.935,the kingfisher！,1582641337,788b09b2,0,29097544691220485
1114.326,世界真的太丰富多彩了，人类不能只活自己,1604229992,37a367ff,0,40416217758433287
1114.613,我记得点翠就是用背上的羽毛做的，但被拔了毛的鸟基本活不下来,1613906185,2e2bb685,0,45489329443176455
1115.525,美的,1613381621,99cf3e35,0,45214307113238531
1116.961,慢动作极好,1579070830,36b9be5c,0,27225571149742084
1118.234,前面一期潜入海水的鲣鸟才更厉害呢,1573623677,35f9cbb6,0,24369694266884096
1119.445,颜色好好看,1585822931,829324ea,0,30765616406200327
1123.189,滑铲,1595834633,9fb5d45e,0,36014631539441667
1125.642,鲣鸟每小时100公里,1576044935,b443d56a,0,25639130399506434
1127.847,好帅,1584783138,a38841e0,0,30220465317871621
1128.958,不会压水花哈哈哈,1580487916,5541f56f,0,27968532153106434
1129.135,这个帅,1576055507,1d651e82,0,25644673460076548
1129.775,雕,1584687968,30973f2d,0,30170569143484419
1138.01,我去,1592923787,5d895861,0,34488509914939399
1138.176,帅！,1582970387,93a6d33e,0,29270061942833157
1140.765,中文正名叫—鹗,1586007317,950bb23c,0,30862287982034947
1143.439,擦八组我爱你,1584687982,30973f2d,0,30170576337764359
1146.452,鱼鹰?！,1583911097,2a8f902c,0,29763264582254597
1146.791,妈妈它瞪我,1588584657,90eb4b50,0,32213556489879555
1146.988,传说中的鱼凫？,1607182443,9707f89d,0,41964152296046597
1147.647,MV-22,1590620891,9c0bdf23,0,33281129256583173
1147.651,莫名蠢萌hhh,1582187263,343a0252,0,28859479211638784
1149.477,霸气的眼神,1595053854,78d56eab,0,35605278495866885
1150.061,只有BBC才能拍出来,1594224825,e2fec14,0,35170628656955395
1150.27,你瞅啥，。,1583045279,abf2d36f,0,29309327023538179
1150.442,智慧的眼神,1614651356,3a8625dc,0,45880013781204997
1152.161,天啊！太厉害了！,1574759047,50471e6a,0,24964954855571456
1154.663,莫挨老子,1578385108,94590724,0,26866055211122692
1159.116,大自然生命的赞歌,1596608980,95f4f1c9,0,36420612516216837
1159.642,有没有bgm,1579070883,36b9be5c,0,27225598924947456
1161.257,好大一条鱼,1594387154,7f72bbe6,0,35255735649566725
1166.436,鱼可不这样想,1598796378,af8fb689,0,37567439001092099
1167.498,擦八组,1584688006,30973f2d,0,30170588885549063
1173.204,疑似天上来,1582523263,4d9a964f,0,29035640274812932
1175.008,好像是条鲈鱼,1588633933,9bc2f518,0,32239390891180039
1176.021,鱼：啊，我身上的窟窿眼,1576040302,b1383263,0,25636701244751874
1180.231,疑是银河落九天,1582874070,95eeb219,0,29219563948736519
1183.011,这个镜头绝了,1595053887,78d56eab,0,35605296067903491
1186.516,伊瓜因老家,1587870023,e56b8988,0,31838881987952645
1186.699,春光乍泄,1594180483,5424c1b2,0,35147380635467781
1187.151,春光乍泄,1610628573,ced061a3,0,43770916884185093
1187.377,春光乍泄的瀑布灯！,1607182531,9707f89d,0,41964198451216391
1190.181,古代的诗到现在还是适用，了不起,1586404401,d83eb9db,0,31070474424287239
1190.313,伊瓜苏 是春光乍泄里的吗,1586027692,9674697,0,30872970350034949
1192.159,是的，春光乍泄！,1589858761,c2b2c388,0,32881553784176647
1192.891,春光乍泄 伊瓜苏瀑布！,1590414774,240d70ce,0,33173064497758213
1193.205,初中地理老师讲过,1613906280,2e2bb685,0,45489379149873159
1195.349,哇,1585199087,af865805,0,30438542659813381
1198.838,春光乍泄?,1615441070,1eb8b5ab,0,46294051147743237
1199.46,我也想起春光乍泄,1587700329,15875186,0,31749913734807559
1202.709,壮观啊,1584178136,496cc14c,0,29903270037159939
1207.44,woc,1586863388,d15e969c,0,31311115661082627
1207.779,顺着漂下去，肯定能穿越见秦始皇,1593635502,da147dbb,0,34861653853470727
1207.943,可以用来发电，但是建发电站肯定会破坏环境,1607182587,9707f89d,0,41964227590094855
1208.083,世界三大瀑布 伊瓜苏 尼亚加拉 维多利亚,1580830702,badf2719,0,28148250844856320
1209.177,天堂瀑布？,1596971785,a60e1ac9,0,36610827050549251
1212.533,这水流量确实猛,1579070967,36b9be5c,0,27225642565632000
1214.898,阿凡达的镜头,1578306959,fa30b845,0,26825082706329604
1216.916,天堂瀑布,1584869095,30d074a5,0,30265531801534471
1220.434,你们好啊,1592923869,5d895861,0,34488553029238787
1220.832,八组八组我是搭理,1584688059,30973f2d,0,30170616879906819
1223.046,李白来到这会做什么诗？,1591286455,3ad11963,0,33630076721430531
1224.001,李白：壶中酿烟云，晨夕饮露霞。长居青云上，从此是仙家。,1591500823,d45ea571,0,33742467050766343
1224.281,岛云蒸大海，岚气接丛林,1596609243,95f4f1c9,0,36420750475264007
1225.721,说伊瓜因老家的，是认真的吗？哈哈哈哈哈,1590050814,ab62f5f0,0,32982244649861123
1226.93,阿凡达,1578306920,fa30b845,0,26825062236028928
1227.152,蒸腾作用？,1578721798,ae854f90,0,27042577636130820
1236.999,阿凡达,1579070996,36b9be5c,0,27225658023215108
1239.593,阿凡达,1594217137,325500b3,0,35166598201868291
1242.365,天好好看,1583974922,598b4a0e,0,29796727750393863
1246.569,这里据说是地球之肺,1580830741,badf2719,0,28148270976991234
1249.15,和平精英玩过吗？,1594217194,325500b3,0,35166628021796867
1249.181,这么低空的云层不怕闪电吗,1587996183,5eb03091,0,31905026521694211
1249.415,树太重要了啊,1584365743,2f659947,0,30001630505074691
1251.972,大自然的循环真的太棒了,1597853067,572fe587,0,37072872344649733
1259.339,生物？,1580129884,7d13a996,0,27780820342145026
1261.713,太神奇了,1597853076,572fe587,0,37072877380435973
1264.597,降雨越来越少就证明树林越来越少咯，心疼,1578917507,c4802cf9,0,27145185364803588
1271.872,我今年植树节自己种了三棵树,1589858843,c2b2c388,0,32881596695052295
1286.578,地球之肺,1582732757,344f7825,0,29145475421569027
1291.337,我去,1607182706,9707f89d,0,41964290284978181
1292.605,仙境一般,1581429630,53f608b3,0,28462261305081856
1297.209,好美,1574434984,bd72df6f,0,24795052336742400
1303.619,会游泳,1579071099,36b9be5c,0,27225711913205760
1313.736,猎捕鳄鱼,1598238795,eb235a22,0,37275105023229955
1313.781,猫猫来啦,1579763435,c8a3b9fe,0,27588695517822978
1316.0,卡了,1576060507,1d651e82,0,25647294594416640
1316.436,豹子在水里打得过鳄鱼吗,1590621077,9c0bdf23,0,33281226735878147
1316.468,还能下潜,1579071130,36b9be5c,0,27225728079626240
1326.024,鳄鳄来了,1582519218,679abca2,0,29033519432335360
1326.952,卡地亚,1574064679,22064176,0,24600906247438336
1328.091,帅,1585546706,903e5ee1,0,30620794934001671
1331.168,美洲豹和老虎是最喜欢水的猫科动物,1587996265,5eb03091,0,31905069493387271
1334.453,这个毛怎么像毛绒公仔的毛一样，太光滑了吧,1588584973,90eb4b50,0,32213722141818885
1334.675,豹女准备河道单杀鳄鱼,1582377988,1f4f78fb,0,28959474008981508
1337.454,太帅了,1586404556,d83eb9db,0,31070555332411399
1340.69,快！给它急支糖浆！,1573566700,74185fe1,0,24339821551943682
1340.953,太美了,1581869433,2cd7c361,0,28692844920176640
1343.591,岳云鹏,1578791511,1bc67222,0,27079127237394434
1344.341,水——豚——,1592018541,1b0670d1,0,34013900281217029
1346.425,哈哈哈哈好佛,1582187481,343a0252,0,28859593542598656
1346.703,是鱼都归我吃,1582859408,2eea337e,0,29211876929306631
1346.939,蜡笔小新的阿呆,1581687034,c2f68057,0,28597215454822404
1347.001,哈哈哈神TM岳云鹏,1580176538,cd8fa843,0,27805280564674562
1347.771,一脸不屑。。。,1583045488,abf2d36f,0,29309436352790535
1348.094,我还以为是puma和Lacoste的对决,1589734729,70765397,0,32816525342146563
1348.477,猕猴桃,1582303439,b676121b,0,28920389288067076
1350.524,啊喂！你不要长得这么萌啊,1576045391,b443d56a,0,25639369886400512
1351.037,善鳄到头终有豹,1604927132,e72f607c,0,40781719953473543
1352.195,岳云鹏,1584688191,30973f2d,0,30170685730455557
1352.844,危,1583578587,a0d3f2e8,0,29588933803769859
1353.924,全场动作必须跟我整齐划一,1578385761,94590724,0,26866397268672514
1354.06,岳云鹏笑死我了,1588146151,c060dde6,0,31983652904108039
1354.177,puma是美洲狮，不是美洲豹,1607298567,b0c9e6b0,0,42025034782343175
1358.49,危,1583578627,a0d3f2e8,0,29588954752221187
1360.086,哈哈哈哈哈岳云鹏！xswl,1590050948,ab62f5f0,0,32982315092148229
1360.23,我觉得它是个憨憨,1577187573,f43c4277,0,26238202046578690
1360.23,感觉长得好憨,1577187587,f43c4277,0,26238209113980930
1360.296,穿豹纹的妹子很危险,1583065317,43372ad0,0,29319832622596103
1360.763,快跑啊豚豚！！！,1592018584,1b0670d1,0,34013922995470339
1360.857,哦豁完蛋,1578620867,c2e16099,0,26989660586639360
1361.241,嘿，突然就像二哈了！,1576060582,1d651e82,0,25647334049710080
1362.407,这一脸的佛系。。。。,1575615279,b4f85db,0,25413867005804548
1362.73,二,1578917608,c4802cf9,0,27145238641377282
1362.976,岳云鹏笑死我了,1588146166,c060dde6,0,31983660862275587
1363.262,猫和老鼠,1575199337,68ddff39,0,25195793458135040
1365.509,全体起立,1584688204,30973f2d,0,30170692696145925
1370.911,来左边跟我一起画彩虹,1578385913,94590724,0,26866477313818624
1370.954,蓄势待发,1579071216,36b9be5c,0,27225773315719168
1377.91,在我右边画条龙,1584178324,496cc14c,0,29903368918925317
1378.241,一脸悠闲,1580129944,7d13a996,0,27780851583942656
1379.532,奥利给干,1593580948,35de7d45,0,34833051857977351
1384.476,看看那表情,1581585175,2c9c2430,0,28543812172251140
1386.724,我的天呐，要吃我哦,1598575850,49c7bfa2,0,37451818743627779
1386.83,哈哈哈哈哈哈哈哈哈它们的表情哈哈哈哈哈哈哈,1614054589,ba2b66f4,0,45567135876382727
1389.891,一脸云淡风轻,1594734548,f930c36,0,35437870058569733
1390.321,善鳄到头终有豹的美洲豹来啦！,1578116965,c711ab94,0,26725470908710912
1390.505,王の蔑视,1590621166,9c0bdf23,0,33281273658605571
1395.77,123木头人,1589556142,5b97612c,0,32722894054752261
1396.217,八组八组收到请回答,1584688235,30973f2d,0,30170708831633411
1396.333,盲猜抓不到,1584189356,60d4a7e7,0,29909152588890119
1399.595,321 跑,1577187634,f43c4277,0,26238233831014464
1400.545,快来吃我把,1582519305,679abca2,0,29033564891774980
1400.561,哈哈哈哈哈动作好慢,1612105283,fb82811e,0,44545137979162629
1400.959,哈哈哈哈哈怀疑这是静止画面,1582193987,eccc64a8,0,28863004836626432
1404.381,你是来看风景的？,1578308855,2af91e70,0,26826076378365954
1405.095,啊！！！！,1590857240,2f74788d,0,33405044176453639
1406.008,啊!~,1578791592,1bc67222,0,27079169961623556
1406.808,哈哈哈哈哈哈哈哈哈,1591845185,c8c7dfc2,0,33923011745677319
1408.443,启动？,1579071256,36b9be5c,0,27225794178187268
1408.7,哈哈哈哈哈哈哈哈哈哈,1582187549,343a0252,0,28859629219348480
1409.42,我去,1581585200,2c9c2430,0,28543825252188162
1409.435,一脸懵逼。。,1574398229,afbb1913,0,24775782258704388
1410.445,美洲豹：？？？是不是玩不起,1596118759,96d46c28,0,36163595544297475
1411.234,？？？猜中了开头却没猜到结局,1607182887,9707f89d,0,41964385133920263
1413.144,顶级捕猎者想吃顿饭也不容易啊,1604230254,37a367ff,0,40416355016507399
1413.236,giao,1596874435,123bd0cc,0,36559787345838085
1413.582,啊哈哈，姿势太美,1579071278,36b9be5c,0,27225805961560066
1414.036,哈哈哈哈哈哈哈,1610510693,1c6cef1a,0,43709113873465349
1414.555,妈蛋儿，不是说好看不见我的吗,1578386103,94590724,0,26866576784883712
1416.277,哈哈哈哈哈哈我会装作四处看风景,1581178167,277f478e,0,28330422434267136
1416.277,昂,1601702080,d1b6a356,0,39090863496757255
1416.348,生活不易 豹豹叹气,1581181719,5d55243,0,28332284936978436
1416.848,哈哈哈，好尴尬,1589831381,aaf042de,0,32867198743609349
1417.768,尾巴已经暴露了你的内心,1607182855,9707f89d,0,41964368076734471
1418.405,有人抢跑，不算重来,1579860611,8f6cc312,0,27639643963916288
1418.437,没想到还有放哨的,1576060659,1d651e82,0,25647374477033476
1418.839,哈哈哈哈哈怎么这么懵啊,1598599379,127bef87,0,37464154790952965
1420.178,尾巴好萌,1579763578,c8a3b9fe,0,27588770156511234
1421.981,伸长脖子,1588053215,ebdd4194,0,31934927783067655
1422.732,哎呀呀怎么就走了,1604751899,ef78f339,0,40689847353999365
1423.307,傻fufu,1582000242,8273c99b,0,28761426249646082
1423.902,哦豁完蛋,1585456586,2abc78be,0,30573546093674501
1424.878,土土拨鼠啊～,1581108822,ceb94626,0,28294065502027778
1425.731,先让你激动三秒钟,1587996360,5eb03091,0,31905119084216323
1427.033,看了好几部 没见过一次成功的 都给跑了 哈哈哈,1612318969,c06b2620,0,44657171024052229
1428.757,懵了哈哈哈,1581436380,c3ceb810,0,28465800509128832
1432.061,猫眼无助,1580439502,15399750,0,27943149267058690
1433.899,吃鳄鱼,1578680277,3c6c3a94,0,27020808753774596
1436.003,来抓凯门鳄啦,1613450569,5fb190d3,0,45250455483187205
1437.487,好惨,1576475656,ee985bcb,0,25864952570445826
1437.567,这只怀孕了吗怎么胖胖的,1580488261,5541f56f,0,27968712827994112
1438.831,豹女没收获，豹哥来了！,1589020428,a02096eb,0,32442025615818755
1440.953,吃鳄鱼那个你等等，地球脉动,1581914490,7987d315,0,28716467980075010
1441.706,人类相比动物真的是太强大了,1576292016,8975e219,0,25768672525549570
1447.295,凯门鳄危,1586859482,d98cf9cd,0,31309067901206533
1448.452,没事，还有小鳄鱼可以吃~,1605189457,206a1461,0,40919253403566085
1448.591,名场面,1603947108,d55737b2,0,40267904723189765
1454.444,人类的组织能力，可怕,1576292029,8975e219,0,25768679191871488
1458.283,此从我们祖先从非洲大陆走出来，60％的大型动物都灭绝了,1583905600,2d954bce,0,29760382834835461
1458.736,？？？？？？？？？,1585659920,d1eb0f2f,0,30680152055218183
1459.13,美洲豹：我又傻了,1596118858,96d46c28,0,36163647378030595
1461.76,大型动物越来越惨了,1586138899,a1372441,0,30931274768056325
1463.552,这个系列的狼啊豹啊感觉都捕不到猎物,1572753027,d0a5ad5f,0,23913222767116290
1466.013,冷静一下,1594734752,f930c36,0,35437977484656645
1466.604,在水里还是水豚有优势啊,1579071377,36b9be5c,0,27225857511653380
1469.564,扑了个寂寞,1594717633,66a181d3,0,35429001837150213
1470.23,宝贝，牙有点黄呀,1589983143,ce09b6a9,0,32946765709705221
1470.579,估计大多数会失败,1577187717,f43c4277,0,26238277306023936
1471.037,有人吗？,1585659933,d1eb0f2f,0,30680158635032581
1476.247,成功率10%,1585906855,adc11ca2,0,30809616944726019
1476.863,wink,1590621329,9c0bdf23,0,33281358716993543
1478.694,陆地掠食者的狩猎成功率都比较低，毕竟生物资源没有海洋那么丰富,1573041914,389630ab,0,24064682863624192
1478.756,作为这类顶端层级的生物，食物少繁育周期长才能平衡，没有约束的人类没有节制,1580812809,38c67072,0,28138869905424384
1479.217,要捕猎鳄鱼了,1586863692,d15e969c,0,31311275008458757
1480.904,前腿受伤了,1585878711,625c8c3c,0,30794861437779975
1480.997,是因为没有急支糖浆，所以才没有动力吗？,1576060782,1d651e82,0,25647438884765698
1481.389,它们的捕猎成功率本来就不高,1582000336,8273c99b,0,28761476091084800
1481.779,腿受伤了,1582609015,6e25d1ee,0,29080599118479367
1481.795,左前臂缺了块皮,1581181790,5d55243,0,28332321971109892
1483.753,吃土,1582729964,b3d55977,0,29144011040620547
1484.452,左腿受伤了,1612746426,c3d44b59,0,44881281858142213
1486.425,又是你,1613382472,99cf3e35,0,45214753197391877
1486.842,捕猎不是百分百成功的嘛,1581582809,2111933e,0,28542571512856580
1487.371,所以我们在野外碰到狮子老虎什么的也不用担心，因为它们大多数时候会失败233333,1583092099,e3bccc20,0,29333873801297925
1492.355,可以刷牙了兄弟～黄黄的,1583392870,9cbe5fc2,0,29491564468240391
1492.996,看见腿受伤的都是天使吧,1582859326,3e488def,0,29211833731645445
1493.707,不 是陆地生物比较聪明。。。,1574053643,f9a842eb,0,24595119783542786
1493.76,猎物少 环境也不行。,1586138931,a1372441,0,30931291599798279
1493.878,海豚 水豚,1595855887,ff477329,0,36025774795915269
1495.227,心痛豹豹,1590051104,ab62f5f0,0,32982397104422915
1498.871,所以没事别出来晒太阳,1581414055,85ca29f6,0,28454095780577282
1501.05,十次里面有一次，就算成功率高的了,1580206946,250f8e69,0,27821222785974276
1501.329,豹:又是你！！！,1583045698,abf2d36f,0,29309546769940487
1501.931,能不能成功一次呀,1577514495,88054db0,0,26409603093233664
1502.753,许昌X嘻嘻嘻,1610587876,8d74d808,0,43749579937021955
1503.315,拍点他们吃到的吧 求求摄制组了,1584189463,60d4a7e7,0,29909208683511815
1503.445,……,1577098285,a9c2ef4e,0,26191389484646400
1503.773,生活不易，豹豹叹气,1596118962,96d46c28,0,36163702058123269
1504.167,。。。,1573816049,6f5828dd,0,24470552086839298
1504.556,还有放哨的,1582338982,8c037658,0,28939023853551618
1505.789,来呀,1581606304,a35463d2,0,28554889494265856
1506.178,这豹女到底会不会玩啊，都不排眼的,1577000280,d8d5c68,0,26140006345080834
1506.729,又跑了,1614708213,2a57e1ce,0,45909823049433091
1508.797,唉,1586404733,d83eb9db,0,31070648239390725
1509.388,每次看两三头狮子追着几百头牛跑，唉，这就是动物和人类的差距,1576292085,8975e219,0,25768708067033088
1509.677,哎。。。,1577514503,88054db0,0,26409607151222784
1509.929,?????,1578110511,ee13e3dc,0,26722087234174980
1510.212,哇马上马上,1580136979,e42d8c03,0,27784540081618948
1510.682,有一次失手,1579071491,36b9be5c,0,27225917336584192
1511.181,失手本是常态，逢豹不必言深,1604927292,e72f607c,0,40781803903516679
1512.15,又是你,1594430615,d23f497d,0,35278522027606021
1512.718,美洲豹可以失败无数次 而豚豚一次也不能失败,1613985613,d4b3fb09,0,45530972896100355
1512.854,我方打野VS敌方adc,1574053680,f9a842eb,0,24595139472130048
1514.478,豹子太难了,1575796732,997a7809,0,25509000493662212
1514.805,就这点肉，咋都吃不到嘴里,1604230358,37a367ff,0,40416409767378951
1515.737,hahahh,1574858838,c78ca8ff,0,25017274288046080
1515.822,村里最美的仔来了,1570250131,8a44ad8a,0,22600984237703172
1516.094,吃鳄鱼吗？,1608184544,3bdce139,0,42489541613322247
1516.249,好惨啊,1588423372,1633a661,0,32128996537270279
1516.786,打野连眼也不排 耍大牌？15,1589845307,a9279452,0,32874499963617287
1517.261,还开嘲讽草,1586769329,fa15405a,0,31261801768812547
1518.002,这是木头，不对，是鳄鱼，是木头，不，鳄鱼,1578386253,94590724,0,26866655534514176
1518.204,换寡妇,1582889108,e566cd33,0,29227448281858051
1518.318,抓鳄鱼,1576475744,ee985bcb,0,25864998612893700
1518.861,？？？？还希和谐？,1582392144,8821d81b,0,28966896185901060
1520.693,挨饿系列,1578384434,8da8ecbf,0,26865701744541700
1521.291,好失望啊,1574158813,7b1878aa,0,24650259336527872
1521.782,太难了,1580130015,7d13a996,0,27780889169100800
1521.827,这鳄鱼好萌哈哈哈哈哈,1574053704,f9a842eb,0,24595152213901314
1523.825,即将上演猫吃鱼,1603947183,d55737b2,0,40267944162754565
1525.673,来抓我呀,1582373742,ff56bcea,0,28957248331448322
1525.688,鳄鱼你要完蛋了,1587996460,5eb03091,0,31905171495714819
1525.84,哈哈哈可爱死了，跟个带花的小姑娘似的,1616069511,54870c4c,0,46623535423029251
1526.27,鳄鱼憨憨,1583496840,6c141217,0,29546074869858309
1531.604,明场面要来了。,1601616816,97ab7b32,0,39046160823877637
1532.138,这牙齿真恐怖,1579071512,36b9be5c,0,27225928338243584
1532.181,拍点他们抓到的镜头吧，求求摄制组了,1584189491,60d4a7e7,0,29909223791919107
1532.732,不会吧？鳄鱼的牙这么多,1607183025,9707f89d,0,41964457291153413
1532.802,我太难了,1581576444,58f9aa86,0,28539234312781824
1534.386,打野单挑上单？闲的？,1589845342,a9279452,0,32874518362456067
1535.894,666666666666666666,1583469004,5366a70f,0,29531480874024965
1535.934,鳄鱼:我也是顶级掠食者，能不能给点面子,1593570616,5f39846f,0,34827634495455237
1537.391,怼它！,1581582860,2111933e,0,28542598109462528
1538.09,看着就皮很硬很不好吃啊,1577098341,a9c2ef4e,0,26191418749353984
1539.412,是鱼就归我吃,1582859604,2eea337e,0,29211979772592131
1540.503,？吃鳄鱼？很敢啊,1609131132,9ccea6c2,0,42985826820816903
1544.123,这3只一定是故意调戏豹豹的哈哈哈,1588634302,9bc2f518,0,32239584423706629
1544.286,还可以,1582964746,48a0ce6e,0,29267104371310595
1544.815,好像鳄鱼那个泳池派对那个皮肤,1576292132,8975e219,0,25768732991160320
1547.031,鳄鱼也是鱼 没毛病,1591845325,c8c7dfc2,0,33923085272350725
1548.831,豹女打鳄鱼,1594471005,6c0f6e01,0,35299697821220867
1549.4,鳄鱼一个反身就能把它咬成两截,1588309240,e10e3c4a,0,32069158365036547
1549.656,豹女单杀走神鳄鱼,1585204559,6ed28b2f,0,30441411344596995
1549.67,来抓上路鳄鱼了！,1578309000,2af91e70,0,26826152503410690
1549.965,我再想想,1581606348,a35463d2,0,28554912645251076
1551.753,猫科动物：是鱼都归我吃,1615983602,65ebe77a,0,46578494248845319
1553.838,太冒险了吧,1576475790,ee985bcb,0,25865022774181888
1555.863,此处求剧透,1607183052,9707f89d,0,41964471715364867
1557.268,这鳄鱼小,1581688673,9f44bfe8,0,28598074754465794
1557.342,美洲豹：鳄哥，给小弟一点面子,1596119066,96d46c28,0,36163756270551047
1561.001,太饿了，那顾得了那么多。,1577514585,88054db0,0,26409650144935936
1562.246,凯门鳄太菜了，鳄科的大佬可没这么拉跨,1617456959,fc24a87c,0,47350957822443523
1563.278,鳄鱼：你康我多漂酿,1581585354,2c9c2430,0,28543905886633988
1564.516,我去，鳄鱼开隐身了,1578386325,94590724,0,26866693241307140
1569.526,吃鳄鱼？！,1580130039,7d13a996,0,27780901774557184
1571.821,信仰之跃！！！！,1575122335,ff2a13f3,0,25155422439604224
1572.787,豹子有，怂,1575129588,b1d8b86f,0,25159225168625668
1576.104,帅,1587996510,5eb03091,0,31905197909344263
1579.517,猫：是鱼都归我吃！,1590857428,2f74788d,0,33405142807609347
1579.774,豹女打野,1582373797,ff56bcea,0,28957276704342016
1580.334,我勒个去,1593570666,5f39846f,0,34827660860850179
1580.646,搞定,1594934774,6be78227,0,35542846650449927
1583.714,善鳄到头终有豹,1605700507,36a2c4f2,0,41187190955311107
1588.019,死亡翻滚,1581660832,28fea59e,0,28583478144532484
1588.707,把鳄鱼吃了吧，我讨厌鳄鱼,1574158880,7b1878aa,0,24650294705520642
1589.395,让豹豹吃点吧 他太可怜了,1582859472,3e488def,0,29211910306529283
1590.44,神仙打架,1582339075,8c037658,0,28939072537886720
1590.92,这是代练,1584245249,31962dfc,0,29938456901189637
1595.966,强对强,1596609730,95f4f1c9,0,36421005572308995
1599.02,豹女打鳄鱼,1599666873,ebcacfa6,0,38023829351563267
1599.061,666,1570720139,f61a26d2,0,22847403923079168
1603.122,加油！！！！,1577514627,88054db0,0,26409672133574660
1603.659,牛逼,1580488468,5541f56f,0,27968821390737408
1604.919,厉害,1579073213,36b9be5c,0,27226820580999172
1605.849,这配乐有点悲壮,1589806661,f95216b5,0,32854238129291269
1606.085,动物生存太难了,1575766653,fa49ef92,0,25493230580662274
1606.143,巅峰对决,1590621489,9c0bdf23,0,33281442685386759
1606.445,666666,1596197191,1753d28,0,36204716536889351
1606.82,牙口挺好,1577187871,f43c4277,0,26238358222012420
1607.736,让豹子赢！,1586601747,145c3528,0,31173940149223429
1607.91,惊掉下巴,1607183122,9707f89d,0,41964508205285381
1610.283,没了哇,1587990064,8687c6c8,0,31901818252951559
1610.551,我去，刚才那个小的居然抓不到？,1607183169,9707f89d,0,41964532809596935
1611.066,弱肉强食啊,1597853426,572fe587,0,37073060585537541
1612.233,总所周知，猫是吃鱼的,1575263972,e3b433a0,0,25229681149607936
1612.987,我去，这鳄鱼身长不亚于比美洲豹,1587996547,5eb03091,0,31905217251377159
1613.474,生活不易啊,1590051223,ab62f5f0,0,32982459128741895
1613.971,一定要成功啊，拜托了,1574759526,50471e6a,0,24965205822799876
1615.601,好猛啊,1591155319,d1c600e5,0,33561323661426693
1616.655,加油,1583913563,b2c03729,0,29764557843464197
1616.767,爽大发了,1592847030,d3783d92,0,34448267023482883
1616.824,单杀了？,1583238418,8a1d872b,0,29410587502968839
1616.884,善鳄到头终有豹,1578117191,c711ab94,0,26725589685633024
1617.152,鳄鱼在野区被豹女单杀,1570724877,c73017b6,0,22849887767363584
1617.414,猫科动物喜吃鱼（滑稽）,1580487273,a794f27c,0,27968194912714754
1618.402,刚才那个镜头好帅,1584189583,60d4a7e7,0,29909271721279493
1618.59,善鳄到头终有豹,1577101128,6f02926b,0,26192879754412032
1619.434,原来鳄鱼也有天敌,1571618238,ad2ad015,0,23318266170572802
1619.604,吃顿饭不容易啊,1581009252,5a29aa2,0,28241862079807492
1619.988,大猫加油,1591845398,c8c7dfc2,0,33923123519160323
1620.347,这猫……这鱼……,1583911934,2a8f902c,0,29763703738466309
1620.927,老子要你死,1582519526,679abca2,0,29033680618389504
1621.356,两大食物链顶端的动物在争斗,1589699506,b27e3db3,0,32798058137780229
1621.673,残酷是大自然,1591286854,3ad11963,0,33630285988364293
1622.402,厉害了,1581576530,58f9aa86,0,28539279271002112
1622.843,太牛B了吧，这准度，这勇气。。,1578836921,15a029f5,0,27102935287070724
1623.151,是鱼就归我吃！,1583469106,5366a70f,0,29531534432665603
1623.664,豹女单杀鳄鱼,1580176815,cd8fa843,0,27805425605279744
1623.742,鳄有恶豹,1591935977,c3eddf7c,0,33970613346893827
1625.809,凯门鳄体型很小，还没美洲豹大,1575037286,f2d2a417,0,25110832030416896
1627.101,太感动了,1583579004,b611bab5,0,29589152428195843
1627.5,跟恐龙一个级别的动物竟然打不过美洲豹,1572835071,fb4fa7de,0,23956237541965824
1630.162,美洲豹胜利,1579073265,36b9be5c,0,27226847451807748
1631.607,莫名泪点,1569943522,d455c525,0,22440232797339648
1632.414,什么叫和恐龙一个级别？鳄鱼和大型兽脚类根本不是一个层次好吗？,1586007474,950bb23c,0,30862370189869061
1632.918,再说这是凯门鳄，鳄类中算战斗力不高的,1586007586,950bb23c,0,30862429059547139
1632.939,这种凯门鳄太小，什么就和恐龙一个级别，胡扯吗,1580655874,e6216bc9,0,28056590388559872
1633.131,谁不想活？这既是动物生存的残酷,1593504241,5c81eba0,0,34792835067150339
1635.205,战场不一样。跑水里美洲豹就没法了,1573499499,63345030,0,24304589175521280
1636.571,这是咱们哺乳动物的胜利！！,1605702634,d582ea97,0,41188306354962437
1636.605,这部片子里真的没有太血腥的画面,1596433202,c295dc2f,0,36328454180831239
1638.118,突然觉得恐龙也不过如此啊,1594430753,d23f497d,0,35278594492071939
1638.808,好可爱,1584858080,f3f7a4e7,0,30259756586237955
1641.316,我方上单F5 演员 举报了,1589845469,a9279452,0,32874584772444163
1641.687,恐龙不是鳄鱼，恐龙像鸟,1607298774,b0c9e6b0,0,42025143474585607
1641.725,所谓富贵险中求,1593353616,54b94d02,0,34713864162508807
1642.335,鳄鱼肉不好吃,1592956234,d1e0e585,0,34505521400643589
1642.738,不容易啊,1575097780,cefa628d,0,25142548605435908
1645.368,牛逼的甩甩头,1582733116,344f7825,0,29145663530336327
1645.878,好可爱,1586500872,d871ae40,0,31121052556853251
1650.998,彩色的我,1586500888,d871ae40,0,31121061168283651
1653.473,三湖慈鲷好,1582724518,b218495d,0,29141155761356805
1655.215,"这么夸张, 维多利亚湖, 贝加尔湖呢?",1584884410,5e947441,0,30273561097142275
1656.122,开荤了开荤了,1582951071,4e5aab96,0,29259934496456709
1656.414,鳄鱼被豹女gank了,1605197151,cf191f63,0,40923287754637315
1658.005,有人吗？,1585741796,c8a316d6,0,30723078228541443
1658.763,甩头就相当于单杀后亮狗牌了吧,1583476854,d7e9795e,0,29535596450938885
1659.558,殊死搏斗啊,1606555769,4bacb0d1,0,41635594710286341
1665.705,贝加尔湖也是,1594217993,325500b3,0,35167046725009411
1666.057,看的伤心,1587459566,f99ae224,0,31623684457758727
1670.662,世界第二深湖,1596388956,1ba4dfb6,0,36305256687075333
1676.023,12点40分,1607661632,d913788b,0,42215385532989445
1679.051,有人吗,1585741816,c8a316d6,0,30723089051942919
1679.269,我看到自己的脸了,1607183269,9707f89d,0,41964585457549315
1683.369,8千米,1594218029,325500b3,0,35167065487704069
1683.521,谷歌地球？,1580130096,7d13a996,0,27780931578232832
1693.537,没有,1586667041,9e2c51a7,0,31208173306642435
1700.37,1.5米,1607661657,d913788b,0,42215398324043783
1703.213,好多剑沙,1582724576,b218495d,0,29141186305327109
1705.428,剑沙,1582686241,2d8366e1,0,29121087589580805
1707.433,沙子鱼,1594218139,325500b3,0,35167123290980359
1708.249,演化的经典示例？,1613188717,93afc279,0,45113169876615171
1708.524,吃土,1586592071,c9cd8c0d,0,31168867260694533
1711.939,简直是人类天然的水库啊,1575796929,997a7809,0,25509103774728196
1712.388,哈喽哈喽有人吗,1585741850,c8a316d6,0,30723106470363141
1713.041,哈哈哈哈哈吐出个海螺,1586592089,c9cd8c0d,0,31168876606128131
1717.033,90天使,1582724596,b218495d,0,29141196696715269
1718.697,牛逼,1594218186,325500b3,0,35167147943526407
1718.916,三湖慈鲷我养了好多,1580831213,badf2719,0,28148518655885314
1719.865,三湖控狂喜,1604598284,533949c,0,40609308869132293
1722.687,金头剑沙,1582686290,2d8366e1,0,29121113273401347
1725.694,是沙雕鱼,1593581294,35de7d45,0,34833233333452805
1727.657,小螺我太难了。,1594218260,325500b3,0,35167186887114755
1728.305,什么就人类的？那是大自然的！,1582955035,41d1a59f,0,29262012844867587
1728.823,bgm突然可爱,1582859635,3e488def,0,29211996082667525
1730.452,凯利贝，大型卷贝，雌雄体型差距大,1582686348,2d8366e1,0,29121143752884231
1731.092,吐口水,1582454039,4f0873d4,0,28999346929270784
1734.783,一闪而过的燕尾，看起来像女王燕尾,1582686401,2d8366e1,0,29121171237109763
1740.094,一条喜欢收藏的鱼,1593570842,5f39846f,0,34827753150218309
1740.697,233333,1578110742,ee13e3dc,0,26722208202620928
1741.139,哈哈哈哈哈哈大户人家,1607183338,9707f89d,0,41964621435764739
1742.08,女孩子原来不分物种都偏好这些东西啊,1581855441,11cde91,0,28685508931485696
1742.829,有亿点点可爱,1590901195,ce54d964,0,33428089123897347
1743.722,雌性吸引雄性了终于，哈哈哈,1581688877,9f44bfe8,0,28598181623234562
1744.98,我去,1594218298,325500b3,0,35167206491815943
1746.003,哈哈哈哈 好拼,1577072261,97814ef8,0,26177745274273796
1746.306,哈哈哈,1582339232,8c037658,0,28939155127402496
1748.859,男人好难啊,1582519653,679abca2,0,29033747529596928
1749.424,哈哈哈哈哈哈给石头，收集贝壳都可以吸引异性，哈哈哈哈哈学到了学到了,1596197422,1753d28,0,36204837363253255
1749.555,好可爱哈哈哈哈,1570368960,49af6e0b,0,22663284672954368
1752.575,小,1594218317,325500b3,0,35167216530882567
1753.773,拼成一个心形,1578386589,94590724,0,26866831540617220
1754.116,可可爱爱,1596433335,c295dc2f,0,36328524188483589
1756.596,如果人类能发展，自然界又能恢复原来的平衡多好,1576292344,8975e219,0,25768843895898112
1756.953,哈哈哈哈哈哈牛逼,1582889367,e566cd33,0,29227583950815237
1758.315,在鱼界中，贝壳相当于固定资产，然后你懂的,1579861124,8f6cc312,0,27639912864940096
1761.364,拼成一个鱼形,1594218383,325500b3,0,35167251411763207
1762.613,只是需要时间 就看我们改变的速度赶不赶得上环境退化的速度,1577072304,97814ef8,0,26177767957594116
1763.141,男人的使命,1585204772,6ed28b2f,0,30441523258064899
1764.564,背景里有黄帆天堂鸟,1582686449,2d8366e1,0,29121196691292163
1765.066,哈哈哈哈哈厉害呀,1604752242,ef78f339,0,40690026848714759
1765.072,给后制配乐的加鸡腿哈哈哈,1573623177,581b49da,0,24369431861264448
1765.861,海洋福寿螺吗,1587996739,5eb03091,0,31905317760008199
1767.367,打工鱼,1606193433,6fc52f1f,0,41445626308198403
1771.641,真是个心,1582339267,8c037658,0,28939173003001856
1772.884,存老婆本了,1596433354,c295dc2f,0,36328534060826631
1773.119,像极了给女朋友买包の我,1590621778,9c0bdf23,0,33281594302136325
1774.634,好奇会不会被偷走,1580395990,dc3237e8,0,27920336556654592
1775.493,别墅靠大海,1581576673,58f9aa86,0,28539354215350276
1775.856,会不会被偷家啊  哈哈哈哈哈,1584305717,dfab6281,0,29970159266955269
1776.553,。。。弹幕男人别给自己抹光哈,1585324414,8ffd5456,0,30504250043269127
1778.495,hhhhhhhhhhhhhhhhh,1586433780,94e0d129,0,31085877300035587
1778.495,哈哈哈哈哈哈哈哈哈哈哈,1586433789,94e0d129,0,31085881880215555
1778.532,我貌似猜到了即将发生的事情了,1588389383,fbd9a3d9,0,32111176282800133
1779.797,哈哈哈哈哈,1572753597,d0a5ad5f,0,23913521338646528
1780.229,哈哈哈哈哈哈预感接下来是一场恶战,1607183391,9707f89d,0,41964649124462595
1780.385,这是湖,1588740829,b6831e75,0,32295435142430725
1782.626,动物找老公也要看对面是不是豪宅啊,1580487456,a794f27c,0,27968290862137348
1784.311,在比拼,1579073445,36b9be5c,0,27226941774364676
1786.318,哈哈哈哈哈 我太难了,1584075111,8b9d64ef,0,29849255475675143
1787.153,哈哈哈,1580176979,cd8fa843,0,27805511327416324
1787.563,哈哈，要偷了,1585758259,1d0f6345,0,30731709861855235
1789.336,淦！,1580309485,21e9d607,0,27874982749011968
1789.99,这不是淘宝盖楼吗？,1580452095,4cb117a4,0,27949751705534466
1790.215,光洙是你吗,1587718861,57ebab80,0,31759629561626627
1790.89,bgm来了,1589859334,c2b2c388,0,32881854070128647
1790.893,哈哈哈哈哈哈哈哈哈哈哈哈哈哈,1582392429,8821d81b,0,28967045289738240
1790.965,快来并夕夕，哈哈,1602425890,94590724,0,39470348510953475
1791.009,哈哈哈哈哈哈哈,1593426973,469e7bd7,0,34752324496785415
1791.661,又开始了是吗,1585456976,2abc78be,0,30573750651977733
1792.094,哈哈哈哈,1588053585,ebdd4194,0,31935121800036419
1792.318,哈哈哈哈哈哈啊哈哈,1579964321,e615317e,0,27694017318223876
1793.482,哈哈哈哈,1587216822,796caf5b,0,31496416848773123
1795.515,好鸡贼啊,1583200600,bd9c9e3e,0,29390760018182149
1799.341,坦湖鱼最难养了,1572397292,9a0b1d52,0,23726714998751236
1799.922,太缺德了,1576292391,8975e219,0,25768868606640128
1799.929,窃格瓦拉,1595835391,9fb5d45e,0,36015029297872903
1800.73,hhhhhhhhhhhhh,1586177221,dc3fdf4d,0,30951366493995011
1801.551,这个场面我好像在哪里见过,1581863694,870c4f07,0,28689836068569090
1806.038,哈哈哈啊 买地要看邻居,1581414305,85ca29f6,0,28454226867781636
1812.427,隔壁老王的感觉,1581940944,f2f3d6cc,0,28730337374765056
1813.31,哈哈哈,1579073474,36b9be5c,0,27226956997066756
1813.533,企鹅,1586667163,9e2c51a7,0,31208236936331269
1815.296,哈哈哈哈,1580970557,ff309ad2,0,28221574972702724
1816.843,哈哈哈太逗了,1580177013,cd8fa843,0,27805529547997188
1818.275,哈哈哈,1596433400,c295dc2f,0,36328557858258951
1820.589,哈哈哈哈哈哈哈太憨了,1607183437,9707f89d,0,41964673237516295
1820.794,冰冻星球里偷石头的阿德利企鹅,1605702849,d582ea97,0,41188418838331395
1822.588,窃格瓦拉别走,1597648611,3984f14c,0,36965678729134085
1823.526,企鹅也会偷邻居石块,1581945823,31b69ad4,0,28732895429394432
1825.773,哈哈哈，太可爱了,1589831927,aaf042de,0,32867485055713285
1826.197,打工仔,1573970034,c476c898,0,24551284633763840
1829.243,这个套路我好像见过,1607774928,8cc16606,0,42274785315520515
1830.131,辛勤工作，家被偷了,1591287063,3ad11963,0,33630395278295045
1830.995,鱼界比尔盖茨,1587996804,5eb03091,0,31905351915798533
1833.323,本是同根生,1585758315,1d0f6345,0,30731738977140739
1834.197,溜了溜了,1577098644,a9c2ef4e,0,26191577667862530
1834.432,老实人,1581436984,c3ceb810,0,28466117010259968
1835.483,朋友，我劝你善良,1585758332,1d0f6345,0,30731748039983107
1835.605,雌鱼看不到吗,1572753661,d0a5ad5f,0,23913555261128704
1835.735,不要脸,1587110530,41686896,0,31440689340874755
1835.997,打工仔和资本家,1582799228,2522cd2f,0,29180325413781511
1838.236,简直没有鱼性！,1580309554,21e9d607,0,27875019190697986
1838.74,好惨,1594390879,7f72bbe6,0,35257688799051779
1840.761,然后贼的邻居变成了贼,1583906060,2d954bce,0,29760624053977093
1841.527,你好，打工人,1604732303,7b69be27,0,40679573031485445
1843.602,不讲武德、,1606469938,8f6a0117,0,41590594322563075
1848.979,前面买地那个，听起来买地怎么那么怪异,1590051458,ab62f5f0,0,32982582613245959
1850.669,究极打工仔,1592956517,d1e0e585,0,34505669805604869
1851.239,左边可以先攒贝壳，等吸引到雌性后右边再拿走，双赢,1585999950,3f1d078c,0,30858425679740933
1855.546,偷心盗贼,1582519770,679abca2,0,29033808758046722
1857.245,梁朝伟是你吗梁朝伟,1584529047,8350078b,0,30087248612425735
1857.963,这儿  wa,1585758364,1d0f6345,0,30731764929921031
1860.74,谁的房子大，我就跟谁,1578039110,85643a7,0,26684652774752256
1861.431,腊肠嘴,1588053655,ebdd4194,0,31935158135291909
1861.546,老实人：我TM,1615983912,65ebe77a,0,46578656629751813
1870.117,猛男和萝莉,1582611660,422fb193,0,29081985802567683
1871.123,这条鱼的香肠嘴哈哈哈笑死我了,1586028442,9674697,0,30873363622658051
1872.539,小撒？,1586094346,35b647,0,30907915892162563
1873.723,怎么下得去手，人家那么小,1585758397,1d0f6345,0,30731782021709831
1874.149,来了来了，贼子！,1581944896,afa9672a,0,28732409266569216
1874.499,啊~你弄我一身,1574859511,ad10fdb6,0,25017627146452992
1879.192,先买房，在找对象,1603364878,647dbc15,0,39962648674041861
1880.206,打工仔啊,1594935092,6be78227,0,35543013032198147
1882.329,贼子出现,1581944909,afa9672a,0,28732416071303172
1891.284,90天使,1582686610,2d8366e1,0,29121280972685317
1891.336,哇这么小这么多,1570965760,8134fef8,0,22976179846774788
1895.565,好怕它一张嘴吃掉自己的孩子,1603427705,7f64d1e2,0,39995588369973251
1901.777,90天使,1572397394,9a0b1d52,0,23726768676929538
1903.724,90天使,1582638117,107b254f,0,29095856859250695
1906.299,密集,1579074870,36b9be5c,0,27227689446801408
1906.738,密集恐惧症啊啊啊,1581914899,7987d315,0,28716682004922370
1908.684,哇,1606713247,1935e37b,0,41718158505541635
1909.952,这么美还密集哈哈哈哈,1582592550,ab6eef60,0,29071966551932999
1912.822,乖乖  这么多孩子也养得活,1589020912,a02096eb,0,32442279628111877
1913.386,人丁兴旺 家族庞大,1578918180,c4802cf9,0,27145538317582338
1915.564,原来收集贝壳是为孩子建房子！,1572664339,2714e9aa,0,23866724674174978
1924.241,看这个你还密集恐惧症？那你得看病了,1582026361,a65f2f4,0,28775120563077122
1925.869,竟然是父母双方，我以为都是靠妈妈或者靠自己,1589700157,b27e3db3,0,32798399369576455
1930.388,鱼对幼崽也会有感情吗？我以为只有哺乳动物才有,1607183605,9707f89d,0,41964761434292229
1932.116,密集恐惧症是心理障碍，前面的不用冷嘲热讽,1585324600,8ffd5456,0,30504347560837125
1932.301,果然,1590896047,6fe21fc2,0,33425390086127619
1936.047,每集都要提一句人类破坏,1574988568,df1f3726,0,25085290127294464
1940.141,换鱼了,1577072476,97814ef8,0,26177858055962628
1940.457,炸至金黄，看电影当爆米花吃,1590621961,9c0bdf23,0,33281690547257351
1944.053,事实却是如此啊,1576292581,8975e219,0,25768968177844226
1944.904,又是..................,1606713283,1935e37b,0,41718177498923011
1953.393,引起人类重视,1582633399,a431a956,0,29093383295729669
1958.626,我的家乡 我最熟悉的一条河,1583641990,eab2ef01,0,29622175264669699
1961.036,不是故意，而是需要知道对于这些美好我们都做了什么,1580813348,38c67072,0,28139152398614528
1963.369,是不是把澜沧江那段也算进去了,1581941134,f2f3d6cc,0,28730436880433156
1968.617,因为人类毁坏大自然是事实,1604894614,e9281ae3,0,40764671136890883
1981.483,为什么这些纪录片都没有中国？,1580831476,badf2719,0,28148656276242434
1986.089,因为中国看不到网飞，不觉得拍自己家乡的片看了才会有感触吗？,1582362451,d0e00042,0,28951328466665476
1986.923,有单独拍中国的，美丽中国，鸟瞰中国，都很好看,1605351212,e46b8106,0,41004059993833477
1987.956,你可以看航拍中国的，那个也很好看,1593836638,719548f9,0,34967106737405957
1989.376,因为我们看不了Netflix，没有zg观众，干嘛要费劲提zg,1582256425,6ae59a1,0,28895740161949700
1990.377,受到管制影响，除非中国自己拍，不然一辈子我们也看不到,1590622044,9c0bdf23,0,33281733672566789
1991.558,因为我们国家景点很多都过度开发了....没有原生态气息了,1590549386,b2deda02,0,33243639849156611
1995.831,翠鸟是中国独有的我记得,1602793503,52beef3f,0,39663083780571139
1996.256,因为中国的纪录片只能中国来拍，外国不能拍，懂了哈？,1607264312,9707f89d,0,42007075107635203
1996.799,很多国家都没有,1593836867,10be0882,0,34967227214069767
1997.504,很正常，国外的纪录片很少提中国，中国是他们心中过不去的坎,1585879345,625c8c3c,0,30795193841090567
1998.894,中国没有这种地方,1588967079,ac33751e,0,32414055472300037
2000.068,好想去玩一次漂流,1587996973,5eb03091,0,31905440563462147
2000.838,中国可能对外国团队拍摄审批很严格，甚至根本不会审批吧,1610555495,8264ecb4,0,43732602792181765
2001.681,这不是有了吗,1583046210,abf2d36f,0,29309815165026309
2004.444,因为中国能值得拍的地方太少了,1585205014,6ed28b2f,0,30441649759322119
2005.569,BBC要想拿到中国的拍摄权，谈何容易,1582106932,57485de6,0,28817362995642368
2006.164,中国值得拍的太少？你几岁？34个省级行政区去过几个？,1587438976,81493043,0,31612889618448387
2006.364,值得拍的太少的你是认真的吗，劝你多去看看祖国的大好河山。,1589437299,95fa78ad,0,32660586280517637
2007.729,中国在上游搞一个水电站半年，这不就没了,1590051617,ab62f5f0,0,32982665833480199
2008.477,中国你去了几个地方，张嘴就说没有？,1589845875,a9279452,0,32874797734035461
2009.464,因为中国的人太多了，河流什么的水质也不太好，大多拍雨林地区，我们又没有,1596197724,1753d28,0,36204996015947779
2009.874,中国拍的地方少？？,1610784993,40acffd9,0,43852926140022791
2010.681,这飘的命都没了,1598797217,af8fb689,0,37567878976765959
2015.509,网飞专门有系列拍中国的,1582592675,ab6eef60,0,29072031941656583
2016.512,这个是Netflix的纪录片,1582256467,6ae59a1,0,28895761981767684
2020.914,中國你要看給不給拍啊，再來每次有什麼影片講到中國都有一堆淦精一直批評,1600521502,b0db4cb3,0,38471900976906247
2022.111,水上森林！,1607264343,9707f89d,0,42007091537248261
2029.21,人家是洲不是国家啊兄弟,1591967920,14e025e8,0,33987360500744199
2035.853,湄公河一半在中国，名叫澜沧江,1583211843,de73d83d,0,29396654211727367
2050.871,泥糊糊,1597842232,9b135a67,0,37067191821533189
2059.989,我先猜，绝对是斗鱼，看到标志性泡泡了！,1577098997,a9c2ef4e,0,26191762623037444
2064.948,斗鱼直播由此而来？,1607775219,8cc16606,0,42274937502171143
2070.402,这是斗鱼！？！？！？,1586864303,d15e969c,0,31311595345281029
2071.279,吐泡泡ing,1586434088,94e0d129,0,31086038776020997
2074.202,吐泡泡,1578168314,25d4cb2,0,26752392622505988
2075.395,nbnb,1577188553,f43c4277,0,26238715772272642
2076.67,我养的蓝色 嘻嘻,1589891104,c2b2c388,0,32898510669479943
2084.11,养过斗鱼的路过,1590415933,240d70ce,0,33173672562786309
2089.618,祖玛,1604843995,c88403dc,0,40738132074168325
2091.676,我养过 不用打氧这个鱼,1580831586,badf2719,0,28148714108354560
2094.029,不会穿吗,1581414478,85ca29f6,0,28454317625704448
2097.318,野生的斗鱼就那么好看了嘛,1573710807,35f9cbb6,0,24415375431041028
2098.447,哪吒里的吐泡泡妖怪~~,1572794313,83c573f7,0,23934868249378820
2098.686,泡泡不会破吗,1580561481,73994d23,0,28007101260890112
2099.349,雄性真不容易,1577234836,24719f38,0,26262981129011200
2107.269,人家吐泡泡是辛勤打工,1574057610,f9a842eb,0,24597199892512770
2112.84,哇这个真的温柔,1606445592,b18ce163,0,41577830265389061
2114.47,来了，抱抱,1615442011,1eb8b5ab,0,46294544750739459
2114.617,泰国斗鱼,1585218207,1490178,0,30448567047946245
2117.363,这不就是金鱼的变种,1587997090,5eb03091,0,31905502063493127
2119.473,哇,1585759540,1d0f6345,0,30732381181181959
2121.05,浪漫,1585454931,51e1ef4c,0,30572678270681091
2123.012,这个画面太甜了,1578308965,c3216c1e,0,26826134162243584
2123.798,太唯美了吧,1570346153,72bf6f1,0,22651327680610306
2124.061,啊啊啊啊啊啊啊好有爱,1603308418,6fb54784,0,39933047729553413
2124.885,这里太温柔了吧～,1576390433,3ccf69c,0,25820271102918660
2125.433,我们国家也有斗鱼品种 只是不那么绚丽,1580831620,badf2719,0,28148731801501696
2125.464,看哭了 鱼的拥抱,1583490490,2b91cd7c,0,29542745759023107
2125.599,哇偶,1580812391,853c04a0,0,28138650633502720
2125.728,这个拥抱好美啊,1575130249,b1d8b86f,0,25159571622854658
2125.955,所有的动物，都是雄性更漂亮,1610555621,8264ecb4,0,43732668888121351
2128.019,自古红蓝出cp,1584090694,92281d4b,0,29857425190289413
2128.412,好腰,1604813080,14d86a50,0,40721923754688519
2128.458,哇哦,1575098269,cefa628d,0,25142804672937986
2128.738,哇,1591846240,c8c7dfc2,0,33923564846972931
2131.112,交尾都这么美,1583906356,2d954bce,0,29760779190796293
2131.902,有点温柔,1582902172,9ded3c09,0,29234297632194563
2145.139,虐单身狗啊是要,1582871703,2eea337e,0,29218323214893063
2145.344,哇,1577881526,d3c9cdb9,0,26602033002315780
2145.902,怎么吃了,1581414530,85ca29f6,0,28454344814755842
2146.005,吃掉了？,1607264479,9707f89d,0,42007162563592199
2147.232,吃掉,1594736842,f930c36,0,35439072987054085
2150.175,这也太浪漫了吧,1569944046,d455c525,0,22440507455569920
2155.114,好浪漫啊……,1583648797,b6e1a786,0,29625744046948359
2155.264,大吃一静、,1594717838,66a181d3,0,35429109242265603
2155.314,好累。。。。,1585759581,1d0f6345,0,30732402829557765
2155.852,好神奇啊,1582943920,1519159a,0,29256185537888261
2156.019,抱一抱就怀孕,1583490527,2b91cd7c,0,29542764957401095
2157.61,这是什么神仙爱情,1573946029,36ea15fa,0,24538699112906754
2158.208,哇好神奇,1607264495,9707f89d,0,42007171195469829
2162.21,原来如此啊,1579075127,36b9be5c,0,27227823627304960
2163.968,好温柔,1580970961,ff309ad2,0,28221786885193732
2166.099,太奇妙了,1607488860,a0919674,0,42124802842427397
2167.518,为什么泡泡不会破,1596984679,a60e1ac9,0,36617587210584067
2168.365,神奇的大自然,1607264510,9707f89d,0,42007179225464835
2168.738,太辛苦了,1574057684,f9a842eb,0,24597238751166466
2170.854,技术活,1603439076,647dbc15,0,40001550032044039
2172.614,6,1570115821,f47a9a6,0,22530566967525376
2173.29,绝世好奶爸啊,1577099198,a9c2ef4e,0,26191867821948932
2173.638,爱情呀,1604752650,ef78f339,0,40690241032421381
2174.877,他们那是本能,1576292881,8975e219,0,25769125617860608
2178.887,我怀疑我在看爱情故事,1573500044,63345030,0,24304874583752708
2188.922,那湖很脏啊,1581941387,f2f3d6cc,0,28730569698836480
2194.722,柬埔寨,1583642228,eab2ef01,0,29622299938258947
2200.559,看到人了,1582902241,9ded3c09,0,29234333751967751
2209.189,【】,1585547314,903e5ee1,0,30621113725222915
2215.169,原来是长江的，给捕残了,1581701787,b1a76766,0,28604950313435140
2216.17,绝户网啊,1596888224,9d001737,0,36567016553316359
2216.505,++,1582339722,8c037658,0,28939411668860932
2218.987,这么密的网，绝后啊,1601438618,d953d011,0,38952733881925639
2221.643,可持续发展,1586434251,94e0d129,0,31086124246499333
2223.844,一网打尽，全是毛毛鱼，吃个P,1599465964,d7d56b28,0,37918495067340807
2225.487,这绿的我差点看成斜方鱊哈哈哈哈,1598010383,db89a910,0,37155351112974339
2226.071,是不是ZG杀人你们也要拍手叫好吗,1612905630,aa8598e1,0,44964750597029895
2226.858,中国的绝户网太厉害，让中国成为最大的养殖业国家，还去韩国偷鱼,1610555762,8264ecb4,0,43732742929121283
2227.234,舌尖上的湄公河,1580177474,cd8fa843,0,27805771204919298
2229.844,都是小鱼苗,1583731508,7e950662,0,29669108552302599
2232.301,鱼没长大就被吃了,1587997205,5eb03091,0,31905562302611461
2237.462,好富饶的河流,1580448007,a6f89945,0,27947608259952706
2242.686,这么小,1581689649,9f44bfe8,0,28598586132398084
2245.683,湄公河这么多鱼？,1573500111,63345030,0,24304909609861124
2253.443,突然好想吃小鱼干,1591287486,3ad11963,0,33630617211502597
2255.069,来了来了它来了：近年来，中国在湄公河上游兴建的一些水利设施持续受到部分国外媒体非议,1578310062,2af91e70,0,26826709635432452
2257.366,"还打算在雅鲁藏布江建水坝, 印度不同意",1584885188,5e947441,0,30273969230708741
2261.289,水坝 恶之源,1594540221,80526bad,0,35335986747015171
2261.613,鱼苗,1610803150,de5bbdc8,0,43862445787185159
2263.652,是不是中国建的,1588967344,ac33751e,0,32414194300092419
2265.122,澜沧江引向新疆罗布泊,1583170558,56b0293d,0,29375009100136455
2266.589,上游是在中国吗,1576292972,8975e219,0,25769173516812290
2267.796,先求发展 再求环保啊 各位回原始人的生活回得去吗？ ,1609541956,1198878c,0,43201216532447237
2272.446,上游金沙江,1581741528,e511ac71,0,28625785788563456
2273.261,今天看到新闻  非洲水藻有毒  好几百头大象死了  心痛,1600746528,bc753455,0,38589879387947015
2275.177,上游是澜沧江,1581941607,f2f3d6cc,0,28730684676243460
2280.637,金沙江是长江,1585547377,903e5ee1,0,30621146658897927
2282.359,金沙江是长江的上游 回去好好读书,1583642399,eab2ef01,0,29622389614051333
2286.54,金沙江是长江的上游,1582107306,57485de6,0,28817559076208640
2287.139,疯狂混淆概念,1578310097,2af91e70,0,26826727839760384
2296.146,小王子里面的树,1592847744,d3783d92,0,34448641409679365
2301.109,吃甘蔗一样,1613908146,2e2bb685,0,45490357415182341
2303.894,面包树遭殃了,1587997277,5eb03091,0,31905599836913669
2307.372,真•吃木头,1586864591,d15e969c,0,31311746171404295
2315.601,它们好瘦啊,1588555623,4cd0cb6e,0,32198334181015555
2316.328,看多了园长家的煤气罐，好心疼啊,1610785330,40acffd9,0,43853102649442311
2316.801,这三只出场动作一模一样,1588488184,d88ca1fe,0,32162976581550085
2323.699,好瘦的狮子,1574159615,7b1878aa,0,24650680091279364
2324.183,口渴到吼不出来,1583906613,2d954bce,0,29760914205442055
2325.947,为了部落,1579075316,36b9be5c,0,27227922833080324
2327.722,想撸猫,1577262760,24719f38,0,26277621775466498
2330.751,这段看得我渴得很，赶紧喝了一杯水,1582875254,95eeb219,0,29220184849383427
2334.602,水坝之国还不让人说了？,1612904205,aa8598e1,0,44964003374956547
2340.095,两河流域不流了吧,1605189967,206a1461,0,40919520778911747
2343.99,吃吃吃 就知道吃 我问你的肉好不好吃?,1582871779,65ef11dd,0,29218362831142917
2344.384,顶级猎食者一般都比较瘦,1583731623,7e950662,0,29669168528228355
2345.23,一个环保纪录片还在这扯什么吃 没看到这次上病毒啊,1582871803,65ef11dd,0,29218375336460291
2347.295,就知道吃吃吃 天天吃？吃蝙蝠吧你,1583768513,3e488def,0,29688509680320519
2350.834,野味警告⚠️,1581182553,5d55243,0,28332721944133636
2351.841,想撸猫的那个   你是认真的吗,1578617394,550afbdb,0,26987839884361728
2361.293,是,1584851303,a38841e0,0,30256203275173955
2361.669,人类真是万恶之源啊,1594540346,80526bad,0,35336052508983301
2364.498,鳄鱼：我枯了,1574057888,f9a842eb,0,24597345404977156
2369.604,疯狂的摆动,1579075369,36b9be5c,0,27227950454145024
2370.572,。。,1598513904,c8c46df1,0,37419341499596803
2375.351,每一帧都是壁纸？,1585233514,bd3df560,0,30456592014508035
2378.267,菠萝赛东，找到你了！,1584457643,aa02e8b5,0,30049812549206021
2380.726,粪池,1578309232,c3216c1e,0,26826274062204930
2382.105,好好活着大自然的生物都活的很艰难啊，唉,1596777438,32cc4427,0,36508933237506051
2383.493,哈哈哈哈哈,1593581494,35de7d45,0,34833338003357699
2388.353,好可怜啊,1592579595,40027646,0,34308054377299971
2388.546,我最喜欢的河马,1584852801,827a384d,0,30256988859924487
2389.64,这大牙,1579075404,36b9be5c,0,27227969126137856
2391.559,哈哈哈,1598513925,c8c46df1,0,37419352499159045
2394.121,有点悲惨,1591287627,3ad11963,0,33630690962571269
2395.11,前面说大牙的 有被笑到 我有一个老师外号就这,1587301679,91e92ad0,0,31540906477748227
2397.197,这还壁纸，一堆烂泥,1587131964,7cc41a2d,0,31451926606381125
2398.351,好脏,1588424254,1633a661,0,32129459014336519
2400.207,憨笑,1584152211,f686ad89,0,29889678162788355
2401.978,水坝又是我们建的,1580207921,250f8e69,0,27821733975162882
2402.573,里面全是河马排泄物，味道简直不要太美……,1587610732,8991319a,0,31702939277459461
2407.236,这就是我们的未来吧 资源减少 互相残杀,1577072863,97814ef8,0,26178061000507392
2407.647,泪目,1584268464,8d649aee,0,29950628143300675
2408.459,这就是泥马,1581586368,2c9c2430,0,28544437647310850
2414.414,人类早晚也是这样 互相残杀 呵呵,1594540415,80526bad,0,35336088659165187
2414.838,打嘴仗了,1583906700,2d954bce,0,29760959399067653
2417.044,哎。。。。。,1581262412,9bc421d6,0,28374591303319552
2420.588,想起第二集的海狮,1585890428,ac929bc1,0,30801004201508867
2421.041,你喜欢河马吗，诶嘿？,1593140271,d64b27bc,0,34602010031947779
2421.338,哎,1583914378,b2c03729,0,29764984889671685
2425.724,请不要什么都说中国，中国也做了很多贡献的,1589642798,8dcf98e8,0,32768326797623365
2428.183,现在对自然资源的收割都是出于发展，以后必然到枯竭的时候，要么开打，要么开发新能源,1584808843,5f4eb8bb,0,30233942245769219
2428.315,好可怜,1583914395,b2c03729,0,29764994074673155
2431.216,北冰洋海豹,1598239927,eb235a22,0,37275698384601093
2433.621,没错没错，中国做的都是好事，开心了吗,1612904387,aa8598e1,0,44964098944794627
2436.019,哎,1586414398,3b272070,0,31075715391160327
2438.162,这么看世界生育率的降低趋势也是好事,1610785476,40acffd9,0,43853179153547267
2438.91,不用慌 总有一天轮到人类,1597673092,5dd8b568,0,36978513524817989
2438.926,可以给他们降点雨吗,1596777503,32cc4427,0,36508967099695107
2443.238,突然想起来，非洲水坝我们建的？？搞笑,1583046713,abf2d36f,0,29310078480809989
2445.545,非洲本来就干旱干吧，啥都是我们造的,1583046751,abf2d36f,0,29310098753978375
2449.826,←非洲有热带雨林的，热带草原湿季降水也挺多，不要一概而论啊,1586690239,4cb8d341,0,31220335429288007
2455.064,小狮子好可爱！！！,1596692871,49857b2f,0,36464595798327301
2455.971,小狮子好可爱,1615442382,1eb8b5ab,0,46294739358056451
2457.595,呵呵哒,1584242192,931fe738,0,29936853766897667
2459.464,前面的误解了。他说的我们，指的是人类,1585545715,1c02b39a,0,30620275565920259
2461.528,野生动物过得太辛苦,1580227277,c3fc071a,0,27831882382573568
2470.224,是人类push 太过,1581262473,9bc421d6,0,28374623207817216
2471.34,都因为人类,1583914456,b2c03729,0,29765026143272967
2477.756,不用担心房和车，不用担心亲戚的看法，只用隔几天杀个人，蟒蛇只需要一年杀一个，这样的生活我很羡慕，你说呢,1592732287,9aa0e773,0,34388108858884103
2478.066,你们这些愚蠢的人类,1584852901,827a384d,0,30257041153458179
2479.855,心酸,1584242214,931fe738,0,29936865589592069
2485.455,我们国家也做了很多有益的贡献的,1589642865,8dcf98e8,0,32768362083254277
2485.717,这是热浪吗,1577262972,24719f38,0,26277732614144002
2486.074,你不要喝水哈,1587997459,5eb03091,0,31905695344361477
2488.256,太惨了  哭  能不能大家都有水喝嘛！,1615111806,af1f0809,0,46121421928136709
2488.307,狮子估计又补不到列,1575623814,9923fb34,0,25418342059737092
2488.31,心酸红,1587301779,91e92ad0,0,31540958834196487
2493.655,有人在看吗,1584242228,931fe738,0,29936872993062915
2495.295,前面那说人类怎么怎么样的，如果不是人类努力发展你还能在这瞎叭叭,1582714526,1e482c28,0,29135917108690947
2498.114,我在,1585547569,903e5ee1,0,30621247497306119
2502.416,这鸟抹口红了,1606885290,78a35165,0,41808358324830213
2503.116,狮视眈眈,1592799167,9566b11f,0,34423173194186757
2503.194,哥哥在看,1586265966,ad1f5649,0,30997894418923523
2509.156,也许灭霸和一些反派都是对的,1596888517,9d001737,0,36567170182807555
2510.867,哦，那长的遥不可及的眼睫毛哟,1583580121,b611bab5,0,29589738318462983
2511.02,但是人类发展没必要搞成这副模样,1585293124,9a64beee,0,30487844834246659
2515.083,好长的睫毛？,1579075546,36b9be5c,0,27228043743854594
2515.666,哈喇子都流出来了,1589832652,aaf042de,0,32867864887689221
2516.516,不要吵,1583846522,4bf39aad,0,29729409024917511
2517.142,全球暖化不是事实吗,1583234559,d9d5974c,0,29408564160757767
2517.266,经济发展需要商品需要原材料需要不停的扩张，什么时候能停一停,1610785623,40acffd9,0,43853256411578375
2517.67,万物生灵都不易,1604752994,ef78f339,0,40690421433630723
2519.35,热热热,1587301851,91e92ad0,0,31540996656332803
2520.873,来了老弟,1578385676,8da8ecbf,0,26866352683220994
2525.42,来了,1583580143,b611bab5,0,29589749857517573
2527.433,任何事都有两面性 我随意剥夺你的生命你愿意吗,1603607688,a2ba2e30,0,40089951361564677
2529.552,确认了眼神,1583066486,43372ad0,0,29320445480140805
2531.858,有人发一,1584242266,931fe738,0,29936892810625031
2532.149,发起进攻！,1579075573,36b9be5c,0,27228057533153280
2542.833,2,1584754217,f4431bb3,0,30205302366797829
2544.524,问题是过度索取,1604131464,39ec1249,0,40364560355950599
2545.984,雄狮在没意外,1591154803,d4b4e44a,0,33561053088448517
2548.71,全军出击,1587301890,91e92ad0,0,31541017115623427
2549.831,要是知道打团，还怕狮子吗,1576293256,8975e219,0,25769322097934340
2552.634,雄狮上了就不一样了,1591339853,d7d56b28,0,33658072488476679
2554.119,无语呵呵,1584242289,931fe738,0,29936904770158661
2555.708,有一只牛为了保护大家冲出去了，然后牺牲了,1607265116,9707f89d,0,42007496899428359
2556.13,看戏jpg,1578622277,c2e16099,0,26990400268926978
2556.646,王者级的狮子，青铜级的牛,1583046881,abf2d36f,0,29310166809706503
2565.89,可怜的牛崽子,1587301919,91e92ad0,0,31541032323645445
2567.196,给他一个EQ二连,1592957090,d1e0e585,0,34505970363138055
2567.502,身上长狮子了,1583498955,44691473,0,29547183855894533
2572.117,就对面知道团,1581856347,11cde91,0,28685984172343298
2574.81,有被笑到,1587301935,91e92ad0,0,31541040494149635
2577.28,我的喵啊,1584242312,931fe738,0,29936916921581571
2581.372,交水费了,1575369184,2f3f8d11,0,25284842515595268
2584.049,忽然……想到吴谨言……我错了,1584091232,92281d4b,0,29857707475861507
2586.875,开始撤退,1579075632,36b9be5c,0,27228088743493632
2587.216,这头太壮了,1591154845,d4b4e44a,0,33561074940248071
2588.386,吴谨言那个，你不是一个人,1584465893,64f3dbb2,0,30054137916293125
2588.71,噗嗤 ,1587301959,91e92ad0,0,31541053212327939
2592.27,那我加一兄地萌,1587301993,91e92ad0,0,31541071010332677
2594.082,又失败啦,1574436281,bd72df6f,0,24795732282179584
2598.123,猥琐发育，别浪！,1583480016,60e76eff,0,29537254239633413
2599.831,我很喜欢大象，很心痛,1607265182,9707f89d,0,42007531135434759
2601.797,为什么“又”,1581211171,55133a6c,0,28347725989281794
2601.892,拖家带口的小象们,1615442550,1eb8b5ab,0,46294827195695111
2608.271,意犹未尽啊,1592848073,d3783d92,0,34448814361804807
2612.863,都是小象牙的象种，大象牙的都被偷猎者杀完了,1584809080,5f4eb8bb,0,30234066777276419
2614.631,心疼,1585760443,1d0f6345,0,30732854928867333
2618.303,可怜,1583914623,b2c03729,0,29765113545228291
2620.995,加油啊！在长沙养大象的大哥哥!,1603972537,7343c745,0,40281237019426821
2623.852,可怜的象宝,1583580266,b611bab5,0,29589814154625031
2626.196,绝望。。。,1580814055,38c67072,0,28139522958032898
2626.481,大象总是没水喝,1581946910,afa9672a,0,28733465119686720
2628.05,真不知道象牙有啥好的,1587302047,91e92ad0,0,31541099265785861
2628.952,看哭了,1581392358,5c8ea5ab,0,28442720465846272
2632.159,大象是顶层食物链，没有天敌,1589463512,e1901ba8,0,32674329352208391
2634.184,真的很心疼大象啊，找了那么久还是没有,1580042729,14b983b3,0,27735125994766338
2638.712,心痛,1581753519,df77d4d8,0,28632072697937924
2638.79,QAQ,1607514496,177a80b,0,42138243799973891
2639.413,这一幕在一本军事小说里有个描写……原来是真的,1613909143,2e2bb685,0,45490880248283143
2640.384,大象聪明的很，会找水喝,1587997613,5eb03091,0,31905776245145603
2640.777,大象团队意识强，所以从来不怕狮子，但是合作意识最强的是人类,1591287874,3ad11963,0,33630820282925059
2640.869,太聪明了,1574760591,50471e6a,0,24965764336320512
2650.871,好聪明,1607265236,9707f89d,0,42007559871660039
2651.974,大象的天敌是人类,1607265249,9707f89d,0,42007566700511237
2658.563,超能力,1592579865,40027646,0,34308196042539013
2659.448,也能感知地震,1597024782,df184489,0,36638612753743879
2661.344,挖出水了,1579075707,36b9be5c,0,27228127776210948
2672.286,"干旱的地方跟着大象, 总会有水, 很多鸟就这样",1584885795,5e947441,0,30274287195127811
2672.319,人类野外生存找水喝，就是学的大象,1587997645,5eb03091,0,31905793002962951
2676.158,小象好可爱呀,1570346766,72bf6f1,0,22651649012006912
2676.918,人类洗个碗上个厕所，包括各种没必要浪费的都是大量珍贵的可以用的淡水资源。,1609647754,ce543bbd,0,43256685495058437
2677.05,可爱德,1587302102,91e92ad0,0,31541128326545415
2678.121,大象拥有次声波 几公里之内都能交流感知,1580832172,badf2719,0,28149021569712132
2678.178,小象好可爱,1607265281,9707f89d,0,42007583460425735
2682.225,如果再不改善可能以后连这种都挖不到了,1581235561,b3c7ae4,0,28360514060943362
2682.338,象宝宝好可爱,1586501861,d871ae40,0,31121571396452357
2683.383,太可爱了吧,1583394067,9cbe5fc2,0,29492192352927749
2684.334,好可爱！！,1577532195,9282c106,0,26418883081535488
2686.812,生存压力逼的,1583731965,7e950662,0,29669348046536709
2695.507,自然有本身的规律，其中一个环节被破坏，就会牵一发而动全身，更何况人类破坏了那么多,1586861420,d98cf9cd,0,31310083583377413
2695.607,.,1610853026,a9a7f68a,0,43888594798510083
2696.489,怎么所有东西都怪到人头上，全部都是因为人吗真的？,1581690276,9f44bfe8,0,28598915216441344
2697.336,沙漠化,1598240200,eb235a22,0,37275841754824707
2698.91,沒錯，就是你我他的鍋,1582364532,d0e00042,0,28952419343794180
2701.396,就是因为人啊,1582809483,ed3734f9,0,29185701665832967
2701.832,本来就是人类加剧生态环境破坏啊,1584451797,2443601,0,30046747550023685
2701.845,真的。责无旁贷。,1582593406,ab6eef60,0,29072415312576519
2703.27,个人感觉还是因为人本来的无知,1587302152,91e92ad0,0,31541154336997381
2703.765,人类数量翻倍这明显的啊，不过别说动物，光人类就有亿万单位的用水有问题,1583484872,cf95e5b,0,29539800101421059
2704.809,就是人，只有人类发明了蒸汽机，又排放二氧化碳，有毒气体和大自然无法分解的化合物，砍伐大面积森林，大量杀害野生动物破坏了生态平衡,1592235097,87ba1436,0,34127438061502471
2706.189,所以少生孩子吧各位 地球不需要这么多人 对每个人都是灾难,1594540808,80526bad,0,35336294725844997
2712.445,落霞与孤鹜齐飞，秋水共长天一色,1584849095,e41cae44,0,30255046044680199
2712.551,好想鲁象啊,1578617755,550afbdb,0,26988028978266116
2712.992,水是生命之源,1582209337,a885b1b1,0,28871052901744642
2714.21,其实我老是经历了不少的困难,1587302257,91e92ad0,0,31541209483706373
2714.706,新冠多像是地球的选择，一切都太失衡了,1610785853,40acffd9,0,43853376789676037
2715.268,想鲁就该做出一些实际行动保护他们,1584110632,dca76df9,0,29867878699761669
2716.241,对不起，我是个人。,1585210301,6ed28b2f,0,30444421552537603
2718.105,还真就是人的锅,1589476782,b4763167,0,32681286657638403
2718.976,感觉这些动物现在的困境昭示着我们未来可能面对的相似局面的样子,1589557113,5b97612c,0,32723403070242819
2731.388,蝗灾就是因为吃它们的飞禽大量减少的缘故,1582111657,57485de6,0,28819840042532868
2733.354,古时候也有蝗灾好不,1583553161,efeb3aa0,0,29575603142787075
2743.365,只要你不偷猎，野生动物会活的好好的,1587997716,5eb03091,0,31905830232653829
2746.307,这么大面积的干涸河道能知道水在哪里也是牛逼,1605190194,206a1461,0,40919639946952711
2750.598,应该说只要你不买，就没偷猎的欲望，那些珍稀动物自然就能活的好好的,1590550235,b2deda02,0,33244085158936581
2753.826,可是被偷猎的动物太多了 人心恶啊,1594540906,80526bad,0,35336346095583235
2754.744,千万不要质疑你自己 就是人类害的极速改变它们的生存环境,1583234718,d9d5974c,0,29408647241531395
2764.816,曾经，曾。。。。,1580814200,38c67072,0,28139598920024064
2768.599,这世上还有很多活不下去的人,1588967849,ac33751e,0,32414459067105287
2768.721,应该说只要你不买，就没偷猎的欲望，那些珍稀动物自然就能活的好好的,1597841774,940db176,0,37066951895810055
2773.383,人口越多就越需要扩张，侵占野生动物领地,1611585600,b5c62615,0,44272674470363139
2776.949,鹤眼红？,1613909290,2e2bb685,0,45490957678280707
2777.793,曾纪艺 你在哪里啊,1593222231,e7620fa5,0,34644980444692483
2787.119,人类总是贪得无厌地强占资源 看得我都想带头自杀了,1611395241,761a9d44,0,44172871522582535
2795.433,丹顶鹤近亲？,1580299414,4f37155a,0,27869703062945794
2801.675,好担心以后看不到野生动物了,1587997774,5eb03091,0,31905860801789957
2804.008,水坝控制了人类自身所需的水量,1582715947,7eeeb684,0,29136662210543619
2804.703,感谢保护人士,1583914827,b2c03729,0,29765220216864773
2809.364,哇哦,1602236632,ae0b951a,0,39371123024986115
2811.995,感谢所有科学家环保人士 谢谢,1594541022,80526bad,0,35336407033053187
2812.913,感谢,1592799477,9566b11f,0,34423335612317701
2813.824,猎人是直接杀死动物，我们是间接杀死动物，没有一个人类是无辜的,1600001860,7e205b43,0,38199458971779079
2814.632,反复循环，控制了流量，下游的动植物，就有缺水了,1585488149,2236ebbc,0,30590094395047943
2815.149,环保人士做的努力太多了,1577532396,9282c106,0,26418988672614400
2821.779,因为这片的金主就是环保组织啊,1583767555,815fc7dd,0,29688007698153479
2823.365,还好有人觉醒,1586414786,3b272070,0,31075918940209157
2823.73,感谢,1602236647,ae0b951a,0,39371130536460293
2824.475,唯一的做法就是开闸，要么蓄水蓄超,1585488230,2236ebbc,0,30590136754896903
2827.047,流水也意味着季节性的洪水，对于人口密度大的长江中下游地区，无法防范的洪水意味着工业农业生产受到极大限制，意味着贫穷与落后。,1578310794,2af91e70,0,26827093036236802
2827.327,违背大自然的规律就一定会受到惩罚 好好水截住了 不让她流动 呵呵,1594541091,80526bad,0,35336443402387459
2828.916,问题是比起做得多，做的阻力太大太难了,1580814301,38c67072,0,28139652030398464
2830.438,国外的动保组织是真动保，而且特别能干,1581951800,98450e8a,0,28736028821946372
2836.87,应该说只要你不买，就没偷猎的欲望，那些珍稀动物自然就能活的好好的,1597841829,940db176,0,37066980557586435
2840.556,其实因地制宜市对的,1592799504,9566b11f,0,34423350105210885
2843.719,人类真的自私的可以,1594541134,80526bad,0,35336465805737989
2844.864,大头是工业用水，完全可以技术改进的,1582593588,ab6eef60,0,29072510828412933
2845.243,需要有人去做这些事,1579063910,1bc67222,0,27221943078879232
2852.959,下集见,1587001179,2a99689e,0,31383357834657797
2857.17,白白,1587302408,91e92ad0,0,31541288743993349
2861.887,886,1597841858,940db176,0,37066995750404099
2863.519,妙啊,1607662820,d913788b,0,42216008135475203
2868.243,以色列海水淡化很牛逼的，水是不缺的,1591288211,3ad11963,0,33630997050818565
2890.168,不好意思，我跳过了，直接下一集,1587997863,5eb03091,0,31905907201802243
2943.797,而他sterarydrtru,1587193832,9185e4b,0,31484363524800515
